Stock,Price,52 week low,52 week high,Open,Previous Close,P/E,Market Cap,Shares Outstanding ,Beta,Change,Change %,Volume,Volume average,Year,Employee,Symbol,Industry 
APPLE INC. (XNAS:AAPL),142.09,123.13,182.94,137.87,137.59,22.36,2299752226200.00,16185180000.00,1.23,4.50,0.03,70351629.00,108795409.00,1977.00,154000.00,APPLE INC. (XNAS:AAPL),"Computers, Phones & Household Electronics"
MICROSOFT CORPORATION (XNAS:MSFT),259.61,243.00,349.67,255.76,252.56,26.35,1941631757130.00,7479033000.00,0.96,7.05,0.03,18264689.00,36145298.00,1993.00,181000.00,MICROSOFT CORPORATION (XNAS:MSFT),Software & IT Services
ALPHABET INC. (XNAS:GOOG),2221.16,2127.46,3042.00,2202.08,2186.26,19.77,1436857000000.00,658499900.00,1.13,34.90,0.02,979169.00,1659156.00,2015.00,163906.00,ALPHABET INC. (XNAS:GOOG),Software & IT Services
"AMAZON.COM, INC. (XNAS:AMZN)",2107.53,2048.11,3773.08,2169.22,2151.82,52.03,1072143715365.00,508720500.00,1.27,-44.29,-0.02,3360848.00,5044326.00,1996.00,1608000.00,"AMAZON.COM, INC. (XNAS:AMZN)",Diversified Retail
"TESLA, INC. (XNAS:TSLA)",666.00,571.22,1243.49,655.00,663.90,89.73,689982660000.00,1036010000.00,2.19,2.10,0.00,20892308.00,29636980.00,2003.00,99290.00,"TESLA, INC. (XNAS:TSLA)",Automobiles & Auto Parts
BERKSHIRE HATHAWAY INC. (XNYS:BRK.A),465123.07,407773.23,544389.26,461005.01,456500.00,8.19,671089900000.00,1470870.00,0.87,8623.07,0.02,1936.00,2984.00,1998.00,372000.00,BERKSHIRE HATHAWAY INC. (XNYS:BRK.A),Consumer Goods Conglomerates
BERKSHIRE HATHAWAY INC. (XNYS:BRK.B),310.05,270.73,362.10,307.06,304.05,7.64,671089900000.00,1470870.00,0.87,6.00,0.02,1787588.00,4513482.00,1998.00,372000.00,BERKSHIRE HATHAWAY INC. (XNYS:BRK.B),Consumer Goods Conglomerates
"Meta Platforms, Inc. (XNAS:FB)",194.30,169.00,384.33,195.23,193.54,14.65,525838558900.00,2706323000.00,1.35,0.76,0.00,13758644.00,38142645.00,2004.00,77805.00,"Meta Platforms, Inc. (XNAS:FB)",Software & IT Services
JOHNSON & JOHNSON (XNYS:JNJ),179.05,155.72,186.69,177.51,175.85,23.69,465705500000.00,2631402000.00,0.65,3.20,0.02,2786093.00,7904748.00,1887.00,141700.00,JOHNSON & JOHNSON (XNYS:JNJ),Pharmaceuticals
UNITEDHEALTH GROUP INCORPORATED (XNYS:UNH),492.97,383.12,553.29,487.01,485.73,26.59,462485762794.00,938171600.00,0.84,7.24,0.01,1050005.00,3114317.00,2015.00,350000.00,UNITEDHEALTH GROUP INCORPORATED (XNYS:UNH),Healthcare Providers & Services
NVIDIA CORPORATION (XNAS:NVDA),166.21,151.76,346.47,162.48,166.94,43.40,416192166940.00,2504014000.00,1.60,-0.73,0.00,41505978.00,60310812.00,1998.00,22473.00,NVIDIA CORPORATION (XNAS:NVDA),Semiconductors & Semiconductor Equipment
VISA INC. (XNYS:V),204.77,186.67,252.67,200.97,199.03,33.72,426559485990.00,2083166000.00,0.91,5.74,0.03,4777950.00,8192456.00,2007.00,21500.00,VISA INC. (XNYS:V),Software & IT Services
WALMART INC. (XNYS:WMT),123.08,117.27,160.77,120.00,119.20,25.61,338798644650.00,2752782000.00,0.60,3.88,0.03,8302669.00,10685607.00,1969.00,2300000.00,WALMART INC. (XNYS:WMT),Food & Drug Retailing
THE PROCTER & GAMBLE COMPANY (XNYS:PG),145.28,131.94,165.35,142.84,141.79,24.78,348569868160.00,2399297000.00,0.43,3.49,0.02,3395195.00,8276865.00,1905.00,3000.00,THE PROCTER & GAMBLE COMPANY (XNYS:PG),Personal & Household Products & Services
EXXON MOBIL CORPORATION (XNYS:XOM),93.52,52.10,94.77,92.58,91.86,15.25,393957021360.00,4212543000.00,0.98,1.66,0.02,15637828.00,30561007.00,1882.00,63000.00,EXXON MOBIL CORPORATION (XNYS:XOM),Oil & Gas
JPMORGAN CHASE & CO. (XNYS:JPM),125.57,115.02,172.96,120.74,117.34,8.71,368805494070.00,2937051000.00,1.09,8.23,0.07,13079603.00,14368258.00,1968.00,273948.00,JPMORGAN CHASE & CO. (XNYS:JPM),Banking Services
MASTERCARD INCORPORATED. (XNYS:MA),346.08,305.61,399.92,339.01,336.18,34.98,336612877776.00,972644700.00,1.02,9.90,0.03,1696527.00,3810808.00,2001.00,24000.00,MASTERCARD INCORPORATED. (XNYS:MA),Software & IT Services
CHEVRON CORPORATION (XNYS:CVX),170.42,92.86,175.65,170.16,167.82,15.78,334843431460.00,1964813000.00,1.02,2.60,0.02,6130789.00,10848582.00,1926.00,42595.00,CHEVRON CORPORATION (XNYS:CVX),Oil & Gas
"THE HOME DEPOT, INC. (XNYS:HD)",285.87,279.59,420.61,289.16,287.19,18.23,295408338420.00,1033366000.00,0.97,-1.32,0.00,2067424.00,4670626.00,1978.00,490600.00,"THE HOME DEPOT, INC. (XNYS:HD)",Specialty Retailers
BANK OF AMERICA CORPORATION (XNYS:BAC),35.87,32.96,50.11,34.61,33.86,9.66,288960037065.00,8056881000.00,1.38,2.01,0.06,40221245.00,51259677.00,1998.00,208000.00,BANK OF AMERICA CORPORATION (XNYS:BAC),Banking Services
PFIZER INC. (XNYS:PFE),52.99,38.48,61.71,52.58,52.47,11.83,297321379040.00,5610896000.00,0.71,0.52,0.01,12406527.00,25965480.00,1942.00,79000.00,PFIZER INC. (XNYS:PFE),Pharmaceuticals
THE COCA-COLA COMPANY (XNYS:KO),62.89,52.28,67.20,61.50,60.98,25.72,272608298665.00,4335029000.00,0.60,1.91,0.03,9532742.00,20265943.00,1919.00,79000.00,THE COCA-COLA COMPANY (XNYS:KO),Beverages
ELI LILLY AND COMPANY (XNYS:LLY),301.10,195.50,314.00,300.27,298.85,44.35,286093025450.00,950159500.00,0.39,2.25,0.01,1577530.00,2887067.00,1901.00,35000.00,ELI LILLY AND COMPANY (XNYS:LLY),Pharmaceuticals
ABBVIE INC. (XNYS:ABBV),149.68,105.56,175.91,151.61,151.01,21.66,264501024800.00,1767110000.00,0.78,-1.33,-0.01,2563321.00,7570779.00,2012.00,50000.00,ABBVIE INC. (XNYS:ABBV),Pharmaceuticals
Broadcom Inc. (XNAS:AVGO),524.48,455.53,677.76,524.78,543.19,30.94,214135323776.00,408281200.00,1.04,-18.71,-0.03,2701527.00,2500358.00,2018.00,20000.00,Broadcom Inc. (XNAS:AVGO),Semiconductors & Semiconductor Equipment
"PEPSICO, INC. (XNAS:PEP)",166.09,144.61,177.62,164.21,162.21,21.78,229649985560.00,1382684000.00,0.60,3.88,0.02,1943156.00,5807417.00,1986.00,309000.00,"PEPSICO, INC. (XNAS:PEP)",Beverages
COSTCO WHOLESALE CORPORATION (XNAS:COST),424.41,375.50,612.27,420.00,416.43,33.58,188107938714.00,443224300.00,0.79,7.98,0.02,1945154.00,3123028.00,1987.00,288000.00,COSTCO WHOLESALE CORPORATION (XNAS:COST),Diversified Retail
"MERCK & CO., INC. (XNYS:MRK)",94.06,70.89,94.92,93.60,93.55,17.06,237853076287.00,2528805000.00,0.34,0.51,0.01,4333391.00,11778371.00,1970.00,68000.00,"MERCK & CO., INC. (XNYS:MRK)",Pharmaceuticals
THERMO FISHER SCIENTIFIC INC. (XNYS:TMO),554.81,438.72,672.34,559.92,555.15,28.91,217187032219.00,391462000.00,0.81,-0.34,0.00,495297.00,1640181.00,1960.00,130000.00,THERMO FISHER SCIENTIFIC INC. (XNYS:TMO),Healthcare Equipment & Supplies
"CISCO SYSTEMS, INC. (XNAS:CSCO)",43.73,41.02,64.29,43.34,42.94,15.07,181640995800.00,4154168000.00,1.01,0.79,0.02,12868353.00,25648607.00,2021.00,79500.00,"CISCO SYSTEMS, INC. (XNAS:CSCO)",Communications & Networking
VERIZON COMMUNICATIONS INC. (XNYS:VZ),49.83,45.55,57.61,49.86,49.53,9.64,209247262300.00,4199644000.00,0.36,0.30,0.01,7518419.00,26626472.00,1983.00,118400.00,VERIZON COMMUNICATIONS INC. (XNYS:VZ),Telecommunications Services
THE WALT DISNEY COMPANY (XNYS:DIS),104.60,99.47,187.58,103.85,102.42,69.25,190527226400.00,1821484000.00,1.22,2.18,0.02,6400675.00,16983726.00,2018.00,190000.00,DIS,#FIELD!
ORACLE CORPORATION (XNYS:ORCL),69.95,66.72,106.34,69.33,68.63,26.31,186637582150.00,2668157000.00,0.87,1.32,0.02,2962457.00,7287452.00,2005.00,132000.00,ORACLE CORPORATION (XNYS:ORCL),Software & IT Services
ABBOTT LABORATORIES (XNYS:ABT),114.63,104.63,142.60,113.93,113.24,26.14,200710481460.00,1750942000.00,0.71,1.39,0.01,1693953.00,5970329.00,1900.00,113000.00,ABBOTT LABORATORIES (XNYS:ABT),Healthcare Equipment & Supplies
ADOBE INC. (XNAS:ADBE),403.96,370.27,699.54,404.01,399.09,39.64,190868737500.00,472500000.00,1.06,4.87,0.01,1106208.00,3120750.00,1997.00,25988.00,ADOBE INC. (XNAS:ADBE),Software & IT Services
MCDONALD'S CORPORATION (XNYS:MCD),237.14,217.68,271.15,236.42,233.91,24.71,175372454131.00,739546900.00,0.59,3.23,0.01,1364723.00,2895646.00,1964.00,200000.00,MCDONALD'S CORPORATION (XNYS:MCD),Hotels & Entertainment Services
COMCAST CORPORATION (XNAS:CMCSA),43.08,39.47,61.80,42.67,42.01,13.50,192976646125.00,4480015000.00,0.92,1.07,0.03,9439710.00,28715687.00,2001.00,189000.00,COMCAST CORPORATION (XNAS:CMCSA),Media & Publishing
INTEL CORPORATION (XNAS:INTC),41.92,40.31,58.42,41.68,41.65,6.93,171390435000.00,4089000000.00,0.61,0.27,0.01,13319728.00,37454596.00,1989.00,121100.00,INTEL CORPORATION (XNAS:INTC),Semiconductors & Semiconductor Equipment
DANAHER CORPORATION (XNYS:DHR),252.30,233.71,333.96,254.49,251.80,29.54,183441476640.00,727076800.00,0.83,0.50,0.00,836904.00,2994353.00,1986.00,78000.00,DANAHER CORPORATION (XNYS:DHR),Healthcare Equipment & Supplies
"NIKE, INC. (XNYS:NKE)",107.30,105.00,179.10,107.83,108.00,28.52,169966900000.00,1573767000.00,1.00,-0.71,-0.01,3249385.00,7269234.00,1969.00,73300.00,"NIKE, INC. (XNYS:NKE)",Textiles & Apparel
"SALESFORCE, INC. (XNYS:CRM)",159.11,154.55,311.75,159.65,159.65,106.35,158077902986.00,993525800.00,1.17,-0.54,0.00,3265330.00,7709124.00,1999.00,73541.00,"SALESFORCE, INC. (XNYS:CRM)",Software & IT Services
WELLS FARGO & COMPANY (XNYS:WFC),44.02,40.74,60.30,42.57,41.67,8.66,166832343280.00,3790352000.00,1.13,2.35,0.06,14992351.00,24738363.00,1929.00,246577.00,WELLS FARGO & COMPANY (XNYS:WFC),Banking Services
BRISTOL-MYERS SQUIBB COMPANY (XNYS:BMY),76.81,53.22,78.47,76.66,76.19,27.04,163522760520.00,2129064000.00,0.46,0.62,0.01,6683803.00,15419972.00,1933.00,32200.00,BRISTOL-MYERS SQUIBB COMPANY (XNYS:BMY),Pharmaceuticals
"UNITED PARCEL SERVICE, INC. (XNYS:UPS)",173.45,165.34,233.72,172.94,171.04,13.95,151554782080.00,873766400.00,1.16,2.41,0.01,1109007.00,3867282.00,1999.00,534000.00,"UNITED PARCEL SERVICE, INC. (XNYS:UPS)",Freight & Logistics Services
TEXAS INSTRUMENTS INCORPORATED (XNAS:TXN),169.02,160.50,202.26,170.27,169.81,19.42,156587500000.00,922133900.00,0.92,-0.79,0.00,2854060.00,6553092.00,1938.00,31000.00,TEXAS INSTRUMENTS INCORPORATED (XNAS:TXN),Semiconductors & Semiconductor Equipment
"T-MOBILE US, INC. (XNAS:TMUS)",129.35,101.51,150.20,126.73,126.04,56.39,162151219750.00,1253585000.00,0.49,3.31,0.03,1623093.00,4963757.00,2004.00,75000.00,"T-MOBILE US, INC. (XNAS:TMUS)",Telecommunications Services
Philip Morris International Inc. (XNYS:PM),103.65,85.64,112.48,103.06,101.15,17.51,156793700000.00,1550110000.00,0.66,2.50,0.02,3208596.00,5509496.00,2007.00,69600.00,Philip Morris International Inc. (XNYS:PM),Food & Tobacco
QUALCOMM INCORPORATED (XNAS:QCOM),130.99,122.17,193.58,129.95,131.60,13.47,146708800000.00,1120000000.00,1.21,-0.61,0.00,5246046.00,10964106.00,1991.00,45000.00,QUALCOMM INCORPORATED (XNAS:QCOM),Semiconductors & Semiconductor Equipment
"ADVANCED MICRO DEVICES, INC. (XNAS:AMD)",93.40,76.80,164.46,91.79,93.50,34.88,151355447200.00,1620508000.00,1.79,-0.10,0.00,83088996.00,119517756.00,1969.00,15500.00,"ADVANCED MICRO DEVICES, INC. (XNAS:AMD)",Semiconductors & Semiconductor Equipment
MORGAN STANLEY (XNYS:MS),82.52,76.75,109.73,80.66,79.37,10.10,144350915680.00,1749284000.00,1.38,3.15,0.04,3766971.00,9025571.00,1981.00,77000.00,MORGAN STANLEY (XNYS:MS),Investment Banking & Investment Services
UNION PACIFIC CORPORATION (XNYS:UNP),215.05,195.68,278.94,216.00,213.58,20.27,135056797755.00,628025100.00,1.22,1.47,0.01,1469363.00,3392378.00,1969.00,30189.00,UNION PACIFIC CORPORATION (XNYS:UNP),Freight & Logistics Services
AT&T INC. (XNYS:T),20.81,16.62,22.76,20.54,20.40,8.61,148998835200.00,7159000000.00,0.49,0.41,0.02,20253991.00,55286071.00,1983.00,203000.00,AT&T INC. (XNYS:T),Telecommunications Services
"NEXTERA ENERGY, INC. (XNYS:NEE)",72.19,67.22,93.73,71.92,71.22,96.69,141817255000.00,1964500000.00,0.48,0.97,0.01,5541970.00,11226734.00,1984.00,15000.00,"NEXTERA ENERGY, INC. (XNYS:NEE)",Electrical Utilities & IPPs
RAYTHEON TECHNOLOGIES CORPORATION (XNYS:RTX),91.49,79.00,106.02,90.90,90.08,32.14,136057864275.00,1487215000.00,1.26,1.41,0.02,2197208.00,5802336.00,1934.00,174000.00,RAYTHEON TECHNOLOGIES CORPORATION (XNYS:RTX),Aerospace & Defense
HONEYWELL INTERNATIONAL INC. (XNAS:HON),189.91,174.42,236.86,191.91,189.75,25.21,129277985039.00,680732900.00,1.03,0.16,0.00,1854721.00,3771625.00,1999.00,99000.00,HONEYWELL INTERNATIONAL INC. (XNAS:HON),Consumer Goods Conglomerates
CVS HEALTH CORPORATION (XNYS:CVS),96.45,79.34,111.25,95.99,94.93,15.78,126480473762.00,1311309000.00,0.76,1.52,0.02,2196425.00,5697998.00,1996.00,300000.00,CVS HEALTH CORPORATION (XNYS:CVS),Healthcare Providers & Services
AMGEN INC. (XNAS:AMGN),249.40,198.64,258.45,250.00,247.50,24.37,133229480000.00,534200000.00,0.54,1.90,0.01,1094236.00,3268586.00,1986.00,24200.00,AMGEN INC. (XNAS:AMGN),Pharmaceuticals
"LOWE'S COMPANIES, INC. (XNYS:LOW)",185.01,179.22,263.31,186.06,184.69,15.43,120626520000.00,652000000.00,1.24,0.32,0.00,1477688.00,4301962.00,1952.00,200000.00,"LOWE'S COMPANIES, INC. (XNYS:LOW)",Specialty Retailers
CONOCOPHILLIPS (XNYS:COP),107.22,51.41,108.67,106.21,105.02,10.81,138683709000.00,1293450000.00,1.28,2.20,0.02,4344686.00,7503000.00,2001.00,9400.00,CONOCOPHILLIPS (XNYS:COP),Oil & Gas
AMERICAN EXPRESS COMPANY (XNYS:AXP),158.06,149.71,199.55,156.61,153.24,15.35,119028711018.00,753060300.00,1.11,4.82,0.03,1129334.00,3319741.00,1965.00,64000.00,AMERICAN EXPRESS COMPANY (XNYS:AXP),Banking Services
THE CHARLES SCHWAB CORPORATION (XNYS:SCHW),64.77,61.53,96.24,64.14,63.28,22.92,122826654270.00,1896351000.00,1.09,1.49,0.02,2900302.00,9526160.00,1986.00,34200.00,THE CHARLES SCHWAB CORPORATION (XNYS:SCHW),Investment Banking & Investment Services
"ANTHEM, INC. (XNYS:ANTM)",495.26,355.43,533.68,489.71,492.85,19.41,118818600000.00,241084800.00,0.96,2.41,0.00,585256.00,1095509.00,2001.00,98200.00,"ANTHEM, INC. (XNYS:ANTM)",Healthcare Providers & Services
LOCKHEED MARTIN CORPORATION (XNYS:LMT),431.78,324.23,479.99,428.38,424.15,18.73,114899680460.00,266107000.00,0.75,7.63,0.02,455241.00,1352356.00,1994.00,114000.00,LOCKHEED MARTIN CORPORATION (XNYS:LMT),Aerospace & Defense
INTERNATIONAL BUSINESS MACHINES CORPORATION (XNYS:IBM),131.33,114.56,145.99,129.50,128.48,20.50,115559500000.00,899435300.00,0.98,2.85,0.02,1600982.00,6296212.00,1911.00,307600.00,INTERNATIONAL BUSINESS MACHINES CORPORATION (XNYS:IBM),Software & IT Services
CATERPILLAR INC. (XNYS:CAT),204.63,179.67,246.69,199.85,197.82,16.69,109141736600.00,533374400.00,0.94,6.81,0.03,1838853.00,3362568.00,1986.00,107700.00,CATERPILLAR INC. (XNYS:CAT),"Machinery, Equipment & Components"
DEERE & COMPANY (XNYS:DE),334.47,307.64,446.76,316.78,313.31,16.35,102610144821.00,306784300.00,1.08,21.16,0.07,2786546.00,2024929.00,1958.00,75550.00,DEERE & COMPANY (XNYS:DE),"Machinery, Equipment & Components"
S&P Global Inc. (XNYS:SPGI),348.89,322.20,484.21,345.00,342.42,24.71,116388600000.00,339900000.00,1.07,6.47,0.02,1209456.00,2605271.00,1925.00,22850.00,S&P Global Inc. (XNYS:SPGI),Professional & Commercial Services
"THE GOLDMAN SACHS GROUP, INC. (XNYS:GS)",318.35,293.90,426.16,312.73,306.80,5.96,109336288780.00,343446800.00,1.37,11.55,0.04,1379676.00,2659094.00,1998.00,45100.00,"THE GOLDMAN SACHS GROUP, INC. (XNYS:GS)",Investment Banking & Investment Services
INTUIT INC. (XNAS:INTU),367.60,339.36,716.86,371.15,367.78,46.92,103961875000.00,282812500.00,1.18,-0.18,0.00,824347.00,1905814.00,1993.00,13500.00,INTUIT INC. (XNAS:INTU),Financial Technology (Fintech) & Infrastructure
AMERICAN TOWER CORPORATION (XNYS:AMT),248.20,220.00,303.72,246.29,244.28,42.26,113247059907.00,456282600.00,0.47,3.92,0.02,608337.00,1845420.00,1996.00,6378.00,AMERICAN TOWER CORPORATION (XNYS:AMT),Residential & Commercial REIT
TARGET CORPORATION (XNYS:TGT),154.19,150.89,268.98,155.19,155.36,12.88,71495389703.00,463683700.00,1.08,-1.17,-0.01,4392613.00,6609652.00,1902.00,450000.00,TARGET CORPORATION (XNYS:TGT),Diversified Retail
"APPLIED MATERIALS, INC. (XNAS:AMAT)",108.94,101.33,167.06,107.30,106.46,14.21,96237018618.00,883394700.00,1.42,2.48,0.02,3811323.00,8307688.00,1987.00,27000.00,"APPLIED MATERIALS, INC. (XNAS:AMAT)",Semiconductors & Semiconductor Equipment
CITIGROUP INC. (XNYS:C),53.08,45.40,80.29,51.29,49.75,5.87,103067457075.00,1941921000.00,1.55,3.33,0.07,18659979.00,25793772.00,1988.00,228000.00,CITIGROUP INC. (XNYS:C),Banking Services
"Altria Group, Inc. (XNYS:MO)",52.05,42.53,57.05,51.50,51.09,31.12,94230439065.00,1810557000.00,0.54,0.96,0.02,3919823.00,10611303.00,2009.00,6000.00,"Altria Group, Inc. (XNYS:MO)",Food & Tobacco
"PROLOGIS, INC. (XNYS:PLD)",119.97,116.71,174.54,121.32,119.72,23.97,88809831990.00,740267000.00,0.94,0.25,0.00,2457567.00,5122144.00,1997.00,2053.00,"PROLOGIS, INC. (XNYS:PLD)",Residential & Commercial REIT
"BLACKROCK, INC. (XNYS:BLK)",610.92,582.58,973.16,608.70,600.44,15.09,92556396036.00,151503300.00,1.27,10.48,0.02,318741.00,1108374.00,2006.00,18700.00,"BLACKROCK, INC. (XNYS:BLK)",Investment Banking & Investment Services
"Mondelez International, Inc. (XNAS:MDLZ)",61.92,57.63,69.47,62.06,61.19,20.54,85692574080.00,1383924000.00,0.65,0.73,0.01,3729048.00,9395705.00,2005.00,79000.00,"Mondelez International, Inc. (XNAS:MDLZ)",Food & Tobacco
"PAYPAL HOLDINGS, INC. (XNAS:PYPL)",80.93,71.83,310.16,80.58,80.54,26.62,93720177200.00,1158040000.00,1.39,0.39,0.00,5756454.00,20583641.00,2015.00,30900.00,"PAYPAL HOLDINGS, INC. (XNAS:PYPL)",Software & IT Services
STRYKER CORPORATION (XNYS:SYK),232.59,224.02,281.16,234.51,232.25,44.08,87954862119.00,378154100.00,0.99,0.34,0.00,367921.00,1626488.00,1946.00,46000.00,STRYKER CORPORATION (XNYS:SYK),Healthcare Equipment & Supplies
"AUTOMATIC DATA PROCESSING, INC. (XNAS:ADP)",211.24,192.18,248.96,211.29,208.64,30.81,88244918528.00,417747200.00,0.83,2.60,0.01,543567.00,2038172.00,1961.00,56000.00,"AUTOMATIC DATA PROCESSING, INC. (XNAS:ADP)",Software & IT Services
"SERVICENOW, INC. (XNYS:NOW)",431.67,406.47,707.60,432.25,433.03,394.09,86532525033.00,200459900.00,1.11,-1.36,0.00,1055694.00,1921014.00,2012.00,16881.00,"SERVICENOW, INC. (XNYS:NOW)",Software & IT Services
3M COMPANY (XNYS:MMM),144.86,139.74,206.81,144.74,143.83,14.98,82431012474.00,569058800.00,0.89,1.03,0.01,1341917.00,3041997.00,1929.00,95000.00,3M COMPANY (XNYS:MMM),Consumer Goods Conglomerates
DUKE ENERGY CORPORATION (XNYS:DUK),111.01,95.48,116.33,110.65,109.83,23.00,85466654505.00,769900500.00,0.33,1.18,0.01,1335029.00,3104200.00,2005.00,27605.00,DUKE ENERGY CORPORATION (XNYS:DUK),Electrical Utilities & IPPs
BOOKING HOLDINGS INC. (XNAS:BKNG),2114.81,1796.45,2715.66,2157.39,2115.90,171.12,85910476480.00,40623260.00,1.17,-1.09,0.00,155665.00,478766.00,1998.00,20300.00,BOOKING HOLDINGS INC. (XNAS:BKNG),Hotels & Entertainment Services
CIGNA CORPORATION (XNYS:CI),264.42,191.74,271.71,262.89,259.49,16.09,83893432428.00,317273400.00,0.74,4.93,0.02,458432.00,1482702.00,2018.00,73700.00,CIGNA CORPORATION (XNYS:CI),Healthcare Providers & Services
STARBUCKS CORPORATION (XNAS:SBUX),73.83,68.39,126.32,73.73,73.39,19.64,84675627000.00,1146900000.00,0.95,0.44,0.01,5881766.00,12460653.00,1985.00,383000.00,STARBUCKS CORPORATION (XNAS:SBUX),Hotels & Entertainment Services
THE ESTEE LAUDER COMPANIES INC. (XNYS:EL),235.93,225.39,374.20,240.20,237.21,25.92,84307138160.00,357347200.00,1.06,-1.29,-0.01,781598.00,1918138.00,1976.00,62000.00,THE ESTEE LAUDER COMPANIES INC. (XNYS:EL),Personal & Household Products & Services
"ANALOG DEVICES, INC. (XNAS:ADI)",160.51,143.81,191.95,161.62,162.44,46.08,83433177389.00,519806000.00,1.02,-1.93,-0.01,921218.00,3604747.00,1965.00,24700.00,"ANALOG DEVICES, INC. (XNAS:ADI)",Semiconductors & Semiconductor Equipment
"MARSH & MCLENNAN COMPANIES, INC. (XNYS:MMC)",152.07,133.86,183.14,151.51,149.85,23.73,76327271143.00,501913700.00,0.95,2.22,0.01,637501.00,2086804.00,1969.00,83000.00,"MARSH & MCLENNAN COMPANIES, INC. (XNYS:MMC)",Insurance
"NETFLIX, INC. (XNAS:NFLX)",184.08,162.71,700.99,186.27,186.35,17.82,81781939512.00,444273900.00,1.25,-2.27,-0.01,6402926.00,22267631.00,1997.00,11300.00,"NETFLIX, INC. (XNAS:NFLX)",Software & IT Services
"CHARTER COMMUNICATIONS, INC. (XNAS:CHTR)",474.17,410.33,825.62,482.65,479.03,17.34,90799136095.00,191492700.00,0.95,-4.87,-0.01,427078.00,1835571.00,2003.00,93700.00,"CHARTER COMMUNICATIONS, INC. (XNAS:CHTR)",Telecommunications Services
THE SOUTHERN COMPANY (XNYS:SO),74.19,60.12,77.24,74.19,73.41,34.26,78823417125.00,1062525000.00,0.47,0.78,0.01,1913540.00,5535691.00,1945.00,27300.00,THE SOUTHERN COMPANY (XNYS:SO),Electrical Utilities & IPPs
"GILEAD SCIENCES, INC. (XNAS:GILD)",64.04,57.19,74.12,64.25,63.84,17.83,80075370000.00,1254313000.00,0.34,0.20,0.00,2973866.00,8291516.00,1987.00,14400.00,"GILEAD SCIENCES, INC. (XNAS:GILD)",Biotechnology & Medical Research
"MICRON TECHNOLOGY, INC. (XNAS:MU)",69.11,65.67,98.45,68.77,68.90,8.67,77172856370.00,1116667000.00,1.15,0.21,0.00,7268789.00,18227912.00,1984.00,43000.00,"MICRON TECHNOLOGY, INC. (XNAS:MU)",Semiconductors & Semiconductor Equipment
ZOETIS INC. (XNYS:ZTS),163.63,156.67,249.27,163.96,162.56,37.30,77008974181.00,470628700.00,0.79,1.07,0.01,761436.00,2492604.00,2012.00,12100.00,ZOETIS INC. (XNYS:ZTS),Pharmaceuticals
"INTUITIVE SURGICAL, INC. (XNAS:ISRG)",220.99,206.60,369.69,222.28,219.07,33.39,79327268656.00,358956500.00,1.26,1.92,0.01,713451.00,2586914.00,1995.00,9793.00,"INTUITIVE SURGICAL, INC. (XNAS:ISRG)",Healthcare Equipment & Supplies
CROWN CASTLE INTERNATIONAL CORP. (XNYS:CCI),184.62,157.16,209.87,184.00,182.20,54.12,79944147295.00,433031700.00,0.54,2.42,0.01,471475.00,1609329.00,2014.00,5000.00,CROWN CASTLE INTERNATIONAL CORP. (XNYS:CCI),Residential & Commercial REIT
U.S. BANCORP (XNYS:USB),51.02,47.68,63.57,50.28,49.21,10.60,75802454800.00,1485740000.00,0.96,1.81,0.04,3010906.00,7494363.00,1929.00,68796.00,U.S. BANCORP (XNYS:USB),Banking Services
CME GROUP INC. (XNAS:CME),192.10,183.15,256.94,194.27,192.11,25.14,69044236220.00,359418200.00,0.52,-0.01,0.00,751390.00,1687141.00,2001.00,3480.00,CME GROUP INC. (XNAS:CME),Investment Banking & Investment Services
Blackstone Inc (XNYS:BX),107.78,90.77,149.78,108.28,107.57,14.66,130632041468.00,1212035000.00,1.32,0.21,0.00,2543610.00,5104545.00,2007.00,3795.00,Blackstone Inc (XNYS:BX),Investment Banking & Investment Services
"BECTON, DICKINSON AND COMPANY (XNYS:BDX)",257.38,229.24,277.29,255.64,252.30,39.79,73369926748.00,285064600.00,0.62,5.08,0.02,342638.00,1263187.00,1906.00,75000.00,"BECTON, DICKINSON AND COMPANY (XNYS:BDX)",Healthcare Equipment & Supplies
CSX Corporation (XNAS:CSX),31.12,29.49,38.63,31.15,30.94,17.57,67652099900.00,2174260000.00,1.23,0.18,0.01,8036147.00,17118840.00,1978.00,21000.00,CSX Corporation (XNAS:CSX),Freight & Logistics Services
"EOG RESOURCES, INC. (XNYS:EOG)",125.41,60.86,132.35,124.27,122.05,16.29,73454317494.00,585713400.00,1.61,3.36,0.03,1303451.00,4099740.00,1985.00,2800.00,"EOG RESOURCES, INC. (XNYS:EOG)",Oil & Gas
NORTHROP GRUMMAN CORPORATION (XNYS:NOC),455.41,344.89,490.82,448.05,443.33,12.22,70791025286.00,155444600.00,0.69,12.08,0.03,235222.00,802948.00,2010.00,88000.00,NORTHROP GRUMMAN CORPORATION (XNYS:NOC),Aerospace & Defense
THE SHERWIN-WILLIAMS COMPANY (XNYS:SHW),258.82,233.32,354.15,260.76,257.95,37.57,67326792869.00,260131300.00,1.01,0.87,0.00,434831.00,2115153.00,1884.00,61626.00,THE SHERWIN-WILLIAMS COMPANY (XNYS:SHW),Chemicals
"REGENERON PHARMACEUTICALS, INC. (XNAS:REGN)",680.00,492.13,747.42,671.61,661.14,9.37,74695416000.00,109846200.00,0.24,18.86,0.03,284477.00,611956.00,1988.00,10368.00,"REGENERON PHARMACEUTICALS, INC. (XNAS:REGN)",Biotechnology & Medical Research
"THE PNC FINANCIAL SERVICES GROUP, INC. (XNYS:PNC)",162.40,152.35,228.14,158.82,155.98,13.21,67165505680.00,413580700.00,1.23,6.42,0.04,747899.00,2395110.00,1983.00,57668.00,"THE PNC FINANCIAL SERVICES GROUP, INC. (XNYS:PNC)",Banking Services
"Dominion Energy, Inc. (XNYS:D)",83.12,70.37,88.78,83.48,82.54,29.55,67432787336.00,811270300.00,0.40,0.58,0.01,1204490.00,3609652.00,1983.00,17100.00,"Dominion Energy, Inc. (XNYS:D)",Electrical Utilities & IPPs
"HCA HEALTHCARE, INC. (XNYS:HCA)",206.86,198.69,279.02,206.00,204.78,9.63,61123902984.00,295484400.00,1.59,2.08,0.01,528241.00,2494225.00,2010.00,204000.00,"HCA HEALTHCARE, INC. (XNYS:HCA)",Healthcare Providers & Services
"WASTE MANAGEMENT, INC. (XNYS:WM)",155.38,136.97,170.18,155.45,154.50,34.08,64507529724.00,415159800.00,0.80,0.88,0.01,505261.00,2014957.00,1995.00,48500.00,"WASTE MANAGEMENT, INC. (XNYS:WM)",Professional & Commercial Services
"THE TJX COMPANIES, INC. (XNYS:TJX)",60.51,53.69,77.35,58.11,57.87,20.97,71065001340.00,1174434000.00,0.89,2.64,0.05,4656003.00,8625792.00,1962.00,340000.00,"THE TJX COMPANIES, INC. (XNYS:TJX)",Diversified Retail
COLGATE-PALMOLIVE COMPANY (XNYS:CL),76.52,72.20,85.61,75.81,75.13,31.12,64115124478.00,837941900.00,0.55,1.39,0.02,1486619.00,5989404.00,1923.00,33800.00,COLGATE-PALMOLIVE COMPANY (XNYS:CL),Personal & Household Products & Services
LAM RESEARCH CORPORATION (XNAS:LRCX),477.35,442.53,731.85,476.29,474.12,14.82,66214911675.00,138715000.00,1.24,3.23,0.01,424725.00,1498651.00,1989.00,14100.00,LAM RESEARCH CORPORATION (XNAS:LRCX),Semiconductors & Semiconductor Equipment
GENERAL DYNAMICS CORPORATION (XNYS:GD),216.12,182.66,254.99,215.67,213.50,18.28,60017626212.00,277705100.00,0.96,2.62,0.01,711192.00,1613697.00,1952.00,103100.00,GENERAL DYNAMICS CORPORATION (XNYS:GD),Aerospace & Defense
ILLINOIS TOOL WORKS INC. (XNYS:ITW),202.45,195.25,249.81,204.14,201.77,23.71,63051635350.00,311443000.00,1.04,0.68,0.00,413609.00,1333664.00,1961.00,45000.00,ILLINOIS TOOL WORKS INC. (XNYS:ITW),Consumer Goods Conglomerates
THE PROGRESSIVE CORPORATION (XNYS:PGR),113.40,89.35,120.17,112.55,110.99,30.17,66327660000.00,584900000.00,0.48,2.41,0.02,825415.00,2958896.00,1965.00,49000.00,THE PROGRESSIVE CORPORATION (XNYS:PGR),Insurance
Truist Financial Corporation (XNYS:TFC),47.45,44.85,68.95,46.68,45.68,10.20,63175594300.00,1331414000.00,1.17,1.77,0.04,2902044.00,9476435.00,1968.00,50283.00,Truist Financial Corporation (XNYS:TFC),Banking Services
VERTEX PHARMACEUTICALS INCORPORATED (XNAS:VRTX),268.05,176.36,292.75,260.05,258.59,27.25,68555395800.00,255756000.00,0.56,9.46,0.04,678573.00,1732430.00,1989.00,3900.00,VERTEX PHARMACEUTICALS INCORPORATED (XNAS:VRTX),Biotechnology & Medical Research
PIONEER NATURAL RESOURCES COMPANY (XNYS:PXD),268.72,133.73,279.98,269.53,266.48,16.25,65019222480.00,241959000.00,1.44,2.24,0.01,832953.00,2319025.00,1997.00,1932.00,PIONEER NATURAL RESOURCES COMPANY (XNYS:PXD),Oil & Gas
"ACTIVISION BLIZZARD, INC. (XNAS:ATVI)",77.36,56.40,99.46,77.94,77.40,24.52,60486352840.00,781881500.00,0.53,-0.04,0.00,2059976.00,6761589.00,2000.00,9800.00,"ACTIVISION BLIZZARD, INC. (XNAS:ATVI)",Software & IT Services
"FISERV, INC. (XNAS:FISV)",98.52,89.91,119.86,96.60,95.59,37.36,63680151304.00,646394000.00,0.78,2.93,0.03,1143208.00,3454124.00,1992.00,44000.00,"FISERV, INC. (XNAS:FISV)",Professional & Commercial Services
EDWARDS LIFESCIENCES CORPORATION (XNYS:EW),95.77,91.52,131.73,95.58,94.32,38.66,59545169886.00,621751800.00,1.18,1.45,0.02,1089753.00,3187862.00,1999.00,15700.00,EDWARDS LIFESCIENCES CORPORATION (XNYS:EW),Healthcare Equipment & Supplies
NORFOLK SOUTHERN CORPORATION (XNYS:NSC),231.82,222.54,299.20,231.10,228.86,18.48,55250240150.00,238332500.00,1.38,2.96,0.01,408126.00,1426141.00,2009.00,18100.00,NORFOLK SOUTHERN CORPORATION (XNYS:NSC),Freight & Logistics Services
"FIDELITY NATIONAL INFORMATION SERVICES, INC. (XNYS:FIS)",101.60,85.00,152.20,100.74,99.68,67.79,62054353920.00,610771200.00,0.68,1.92,0.02,1161633.00,3668121.00,2001.00,65000.00,"FIDELITY NATIONAL INFORMATION SERVICES, INC. (XNYS:FIS)",Financial Technology (Fintech) & Infrastructure
"EQUINIX, INC. (XNAS:EQIX)",659.00,621.34,885.26,658.39,651.79,120.42,59983366200.00,91021800.00,0.49,7.21,0.01,205733.00,494513.00,1998.00,10944.00,"EQUINIX, INC. (XNAS:EQIX)",Residential & Commercial REIT
GENERAL MOTORS COMPANY (XNYS:GM),36.25,34.39,67.21,35.93,35.40,5.88,52853945045.00,1458241000.00,1.22,0.85,0.02,9241921.00,18555147.00,2009.00,157000.00,GENERAL MOTORS COMPANY (XNYS:GM),Automobiles & Auto Parts
FREEPORT-MCMORAN INC. (XNYS:FCX),37.74,30.02,51.99,37.60,36.31,10.53,54695147880.00,1449262000.00,2.02,1.43,0.04,8567715.00,21299973.00,1987.00,24700.00,FREEPORT-MCMORAN INC. (XNYS:FCX),Metals & Mining
OCCIDENTAL PETROLEUM CORPORATION (XNYS:OXY),63.36,21.62,69.17,63.74,63.26,9.58,59380421760.00,937191000.00,1.85,0.10,0.00,12698873.00,28948424.00,1986.00,11678.00,OCCIDENTAL PETROLEUM CORPORATION (XNYS:OXY),Oil & Gas
HUMANA INC. (XNYS:HUM),443.39,351.20,472.68,440.81,439.62,18.65,56085276159.00,126493400.00,0.85,3.77,0.01,224059.00,871697.00,1964.00,95500.00,HUMANA INC. (XNYS:HUM),Healthcare Providers & Services
BOSTON SCIENTIFIC CORPORATION (XNYS:BSX),39.82,37.96,47.50,39.71,39.22,74.66,56921943292.00,1429571000.00,0.83,0.60,0.02,2748776.00,10135278.00,1979.00,41000.00,BOSTON SCIENTIFIC CORPORATION (XNYS:BSX),Healthcare Equipment & Supplies
"MARRIOTT INTERNATIONAL, INC. (XNAS:MAR)",157.29,127.23,195.90,157.10,155.23,34.41,51479538603.00,327298300.00,1.59,2.06,0.01,902643.00,2797657.00,1997.00,120000.00,"MARRIOTT INTERNATIONAL, INC. (XNAS:MAR)",Hotels & Entertainment Services
PUBLIC STORAGE (XNYS:PSA),316.40,276.15,421.76,317.64,312.91,30.42,55537343959.00,175528900.00,0.36,3.49,0.01,238627.00,836810.00,2007.00,5800.00,PUBLIC STORAGE (XNYS:PSA),Residential & Commercial REIT
FEDEX CORPORATION (XNYS:FDX),204.43,192.82,319.90,202.52,200.90,11.07,52982503535.00,259178200.00,1.28,3.53,0.02,711709.00,2235632.00,1997.00,228000.00,FEDEX CORPORATION (XNYS:FDX),Freight & Logistics Services
"INTERCONTINENTAL EXCHANGE, INC. (XNYS:ICE)",97.77,93.45,139.79,99.03,97.62,13.55,54581696151.00,558266300.00,0.94,0.15,0.00,1235379.00,4218391.00,2013.00,9009.00,"INTERCONTINENTAL EXCHANGE, INC. (XNYS:ICE)",Investment Banking & Investment Services
FORD MOTOR COMPANY (XNYS:F),12.81,12.07,25.87,12.66,12.50,4.40,51473090825.00,4019765000.00,1.17,0.31,0.02,30026519.00,67383695.00,1919.00,183000.00,FORD MOTOR COMPANY (XNYS:F),Automobiles & Auto Parts
Schlumberger N.V. (XNYS:SLB),43.30,25.90,46.27,41.85,41.12,28.13,61195793995.00,1413461000.00,1.84,2.18,0.05,5792562.00,12878605.00,1956.00,92000.00,Schlumberger N.V. (XNYS:SLB),Oil & Gas Related Equipment and Services
THE KRAFT HEINZ COMPANY (XNAS:KHC),39.16,32.79,44.95,38.88,38.37,48.09,47923840560.00,1223952000.00,0.86,0.79,0.02,3081587.00,7514100.00,2013.00,36000.00,THE KRAFT HEINZ COMPANY (XNAS:KHC),Food & Tobacco
"METLIFE, INC. (XNYS:MET)",63.99,55.21,73.18,63.00,62.05,8.04,52037045541.00,813205900.00,1.14,1.94,0.03,2194691.00,4324674.00,1999.00,43000.00,"METLIFE, INC. (XNYS:MET)",Insurance
"MODERNA, INC. (XNAS:MRNA)",138.77,119.01,497.49,137.30,136.25,4.01,55195097017.00,397759500.00,1.67,2.52,0.02,2940871.00,6409646.00,2016.00,2700.00,"MODERNA, INC. (XNAS:MRNA)",Biotechnology & Medical Research
MOODY'S CORPORATION (XNYS:MCO),293.17,276.79,407.94,291.47,289.27,27.41,54089865000.00,184500000.00,1.19,3.90,0.01,271367.00,1159259.00,2000.00,13913.00,MOODY'S CORPORATION (XNYS:MCO),Professional & Commercial Services
KEURIG DR PEPPER INC. (XNAS:KDP),34.98,32.44,39.35,34.93,34.58,20.49,49620774059.00,1418547000.00,0.69,0.40,0.01,2659531.00,9493404.00,2007.00,27500.00,KEURIG DR PEPPER INC. (XNAS:KDP),Beverages
DOLLAR GENERAL CORPORATION (XNYS:DG),193.22,183.25,262.21,188.47,187.60,18.45,44205818378.00,228784900.00,0.61,5.62,0.03,1261625.00,2069891.00,1998.00,163000.00,DOLLAR GENERAL CORPORATION (XNYS:DG),Diversified Retail
"AIR PRODUCTS AND CHEMICALS, INC. (XNYS:APD)",236.57,216.24,316.39,240.40,237.59,24.31,52463800714.00,221773300.00,0.85,-1.03,0.00,271262.00,1187974.00,1961.00,20625.00,"AIR PRODUCTS AND CHEMICALS, INC. (XNYS:APD)",Chemicals
"AMERICAN ELECTRIC POWER COMPANY, INC. (XNAS:AEP)",100.42,80.22,104.81,100.56,99.70,19.13,51570108564.00,513544200.00,0.33,0.72,0.01,1367340.00,2851400.00,1906.00,16688.00,"AMERICAN ELECTRIC POWER COMPANY, INC. (XNAS:AEP)",Electrical Utilities & IPPs
SEMPRA ENERGY (XNYS:SRE),163.09,119.56,173.28,162.37,160.11,50.61,51259953523.00,314304700.00,0.62,2.98,0.02,461079.00,1533261.00,1996.00,15390.00,SEMPRA ENERGY (XNYS:SRE),Multiline Utilities
EMERSON ELECTRIC CO. (XNYS:EMR),84.60,81.01,105.99,84.60,83.64,17.48,50252400000.00,594000000.00,1.41,0.96,0.01,1117784.00,3110466.00,1890.00,86700.00,EMERSON ELECTRIC CO. (XNYS:EMR),"Machinery, Equipment & Components"
MARATHON PETROLEUM CORPORATION (XNYS:MPC),96.75,50.19,98.95,97.77,96.56,22.39,52341256575.00,540994900.00,1.67,0.19,0.00,2479670.00,5525599.00,2009.00,17700.00,MARATHON PETROLEUM CORPORATION (XNYS:MPC),Oil & Gas
MCKESSON CORPORATION (XNYS:MCK),328.63,184.43,339.94,325.89,322.86,45.11,47771398539.00,145365300.00,0.63,5.77,0.02,290187.00,1172349.00,1994.00,58000.00,MCKESSON CORPORATION (XNYS:MCK),Food & Drug Retailing
VALERO ENERGY CORPORATION (XNYS:VLO),122.46,58.85,131.69,125.23,122.98,19.80,49975485144.00,408096400.00,1.68,-0.52,0.00,1730114.00,5477205.00,1981.00,9813.00,VALERO ENERGY CORPORATION (XNYS:VLO),Oil & Gas
"BLOCK, INC. (XNYS:SQ)",82.81,65.10,289.23,84.16,83.44,313.78,48069852778.00,580504000.00,2.39,-0.63,-0.01,13718387.00,20784049.00,2009.00,8521.00,"BLOCK, INC. (XNYS:SQ)",Professional & Commercial Services
CAPITAL ONE FINANCIAL CORPORATION (XNYS:COF),119.15,110.29,177.95,116.37,113.70,4.47,46831990905.00,393050700.00,1.45,5.45,0.05,1105166.00,2794445.00,1994.00,51500.00,CAPITAL ONE FINANCIAL CORPORATION (XNYS:COF),Banking Services
KLA Corporation (XNAS:KLAC),340.68,287.44,457.12,336.80,335.48,16.28,50065380000.00,149235000.00,1.23,5.20,0.02,427480.00,1486734.00,1975.00,11300.00,KLA Corporation (XNAS:KLAC),Semiconductors & Semiconductor Equipment
ARCHER-DANIELS-MIDLAND COMPANY (XNYS:ADM),86.77,56.91,98.88,84.94,84.00,15.51,48826155806.00,562707800.00,0.77,2.77,0.03,1263744.00,4278930.00,1923.00,41000.00,ARCHER-DANIELS-MIDLAND COMPANY (XNYS:ADM),Food & Tobacco
"MARVELL TECHNOLOGY, INC (XNAS:MRVL)",53.87,46.51,93.85,52.96,54.07,22.98,45827671828.00,850692800.00,1.27,-0.20,0.00,3528812.00,9981399.00,2020.00,6729.00,"MARVELL TECHNOLOGY, INC (XNAS:MRVL)",Semiconductors & Semiconductor Equipment
KIMBERLY-CLARK CORPORATION (XNYS:KMB),129.66,117.32,145.79,128.96,128.34,24.77,43685760330.00,336925500.00,0.40,1.32,0.01,704275.00,2411209.00,1928.00,45000.00,KIMBERLY-CLARK CORPORATION (XNYS:KMB),Personal & Household Products & Services
CENTENE CORPORATION (XNYS:CNC),85.85,59.67,89.92,85.85,84.96,33.71,50212548950.00,584887000.00,0.49,0.89,0.01,1155230.00,2854194.00,2001.00,72500.00,CENTENE CORPORATION (XNYS:CNC),Healthcare Providers & Services
"AMERICAN INTERNATIONAL GROUP, INC. (XNYS:AIG)",56.86,44.54,65.73,56.49,55.62,4.80,45044037120.00,792192000.00,1.24,1.24,0.02,3611253.00,5395625.00,1967.00,36600.00,"AMERICAN INTERNATIONAL GROUP, INC. (XNYS:AIG)",Insurance
"WORKDAY, INC. (XNAS:WDAY)",164.93,161.04,307.81,167.00,165.99,1671.77,41837479733.00,253668100.00,1.44,-1.06,-0.01,1041236.00,2834162.00,2012.00,15200.00,"WORKDAY, INC. (XNAS:WDAY)",Software & IT Services
THE HERSHEY COMPANY (XNYS:HSY),209.82,167.80,231.60,209.53,206.98,26.61,43139957172.00,205604600.00,0.38,2.84,0.01,460704.00,1291415.00,1927.00,16620.00,THE HERSHEY COMPANY (XNYS:HSY),Food & Tobacco
"L3HARRIS TECHNOLOGIES, INC. (XNYS:LHX)",232.31,200.71,279.71,231.08,229.40,24.71,44807276949.00,192874600.00,0.75,2.91,0.01,413741.00,1152218.00,1926.00,47000.00,"L3HARRIS TECHNOLOGIES, INC. (XNYS:LHX)",Aerospace & Defense
EXELON CORPORATION (XNAS:EXC),47.85,31.20,50.71,47.80,47.15,18.68,46903029360.00,980209600.00,0.46,0.70,0.01,1923091.00,6746787.00,1999.00,31518.00,EXELON CORPORATION (XNAS:EXC),Electrical Utilities & IPPs
ECOLAB INC. (XNYS:ECL),160.24,154.31,238.93,161.65,159.49,41.59,45772675110.00,285655200.00,1.05,0.75,0.00,450394.00,1288032.00,1924.00,47000.00,ECOLAB INC. (XNYS:ECL),Chemicals
"ROPER TECHNOLOGIES, INC. (XNYS:ROP)",424.18,402.06,505.00,422.61,417.46,43.07,44214300000.00,105912700.00,1.03,6.72,0.02,204384.00,745636.00,1981.00,19300.00,"ROPER TECHNOLOGIES, INC. (XNYS:ROP)",Software & IT Services
"SIMON PROPERTY GROUP, INC. (XNYS:SPG)",108.81,105.72,171.12,109.97,108.84,16.06,35759166066.00,328638600.00,1.46,-0.03,0.00,639713.00,2238666.00,1998.00,2400.00,"SIMON PROPERTY GROUP, INC. (XNYS:SPG)",Residential & Commercial REIT
SOUTHERN COPPER CORPORATION (XNYS:SCCO),60.34,53.36,79.32,60.76,59.06,13.36,46648256634.00,773090100.00,1.13,1.28,0.02,904677.00,1550803.00,1995.00,14700.00,SOUTHERN COPPER CORPORATION (XNYS:SCCO),Metals & Mining
MONSTER BEVERAGE CORPORATION (XNAS:MNST),87.09,71.78,99.89,88.69,87.63,34.61,46126433869.00,529671400.00,0.97,-0.55,-0.01,1218919.00,3410676.00,2014.00,4092.00,MONSTER BEVERAGE CORPORATION (XNAS:MNST),Beverages
"THE WILLIAMS COMPANIES, INC. (XNYS:WMB)",35.94,23.53,37.05,35.80,35.38,29.39,43769261220.00,1218012000.00,1.14,0.56,0.02,3435200.00,8367127.00,1987.00,4783.00,"THE WILLIAMS COMPANIES, INC. (XNYS:WMB)",Oil & Gas Related Equipment and Services
SYSCO CORPORATION (XNYS:SYY),77.97,68.05,91.53,77.67,76.98,39.63,39723828126.00,509475800.00,1.15,0.99,0.01,562120.00,2623539.00,1969.00,58000.00,SYSCO CORPORATION (XNYS:SYY),Food & Drug Retailing
KKR & CO. INC. (XNYS:KKR),51.60,47.51,83.90,52.13,51.76,11.26,44800864080.00,868233800.00,1.44,-0.16,0.00,1222283.00,4685355.00,2007.00,3238.00,KKR & CO. INC. (XNYS:KKR),Investment Banking & Investment Services
"PAYCHEX, INC. (XNAS:PAYX)",117.67,99.88,141.92,118.15,117.33,31.33,42478870000.00,361000000.00,0.99,0.34,0.00,813204.00,1960492.00,1979.00,15000.00,"PAYCHEX, INC. (XNAS:PAYX)",Professional & Commercial Services
"GENERAL MILLS, INC. (XNYS:GIS)",67.72,56.67,73.99,67.86,67.01,17.88,40781796640.00,602212000.00,0.45,0.71,0.01,1836412.00,3719910.00,1928.00,35000.00,"GENERAL MILLS, INC. (XNYS:GIS)",Food & Tobacco
PHILLIPS 66 (XNYS:PSX),94.62,63.19,98.66,95.27,93.79,16.32,45521682000.00,481100000.00,1.32,0.83,0.01,2095617.00,4377940.00,2011.00,14000.00,PHILLIPS 66 (XNYS:PSX),Oil & Gas
"O'Reilly Automotive, Inc. (XNAS:ORLY)",578.37,519.32,748.68,580.57,572.57,18.34,38013616949.00,65725430.00,1.05,5.80,0.01,449860.00,765989.00,2010.00,68679.00,"O'Reilly Automotive, Inc. (XNAS:ORLY)",Specialty Retailers
DEVON ENERGY CORPORATION (XNYS:DVN),70.19,23.34,73.18,70.70,69.92,13.10,46325400000.00,660000000.00,2.45,0.27,0.00,4950621.00,11887593.00,1999.00,1600.00,DEVON ENERGY CORPORATION (XNYS:DVN),Oil & Gas
"FORTINET, INC. (XNAS:FTNT)",285.46,211.53,371.77,286.45,285.28,74.46,45824065966.00,160527100.00,1.19,0.18,0.00,824941.00,1605262.00,2000.00,10860.00,"FORTINET, INC. (XNAS:FTNT)",Software & IT Services
"KINDER MORGAN, INC. (XNYS:KMI)",19.13,15.01,20.19,19.21,19.03,42.06,43365402000.00,2267472000.00,0.85,0.10,0.01,5004348.00,18219166.00,2006.00,10529.00,"KINDER MORGAN, INC. (XNYS:KMI)",Oil & Gas Related Equipment and Services
"WARNER BROS. DISCOVERY, INC. (XNAS:WBD)",18.12,16.51,32.76,18.00,17.74,8.79,43962279060.00,2426844000.00,1.22,0.38,0.02,6509709.00,24771352.00,2008.00,11000.00,"WARNER BROS. DISCOVERY, INC. (XNAS:WBD)",Media & Publishing
"The Travelers Companies, Inc. (XNYS:TRV)",172.03,144.44,187.98,170.34,168.24,10.64,41280490830.00,239961000.00,0.70,3.79,0.02,461788.00,1519282.00,1853.00,30800.00,"The Travelers Companies, Inc. (XNYS:TRV)",Insurance
"SYNOPSYS, INC. (XNAS:SNPS)",305.41,244.00,377.60,311.24,306.72,47.75,46713986550.00,152955000.00,1.15,-1.31,0.00,448332.00,1011778.00,1987.00,16361.00,"SYNOPSYS, INC. (XNAS:SNPS)",Software & IT Services
AMPHENOL CORPORATION (XNYS:APH),69.04,65.84,88.45,69.11,68.43,25.72,41226442040.00,597138500.00,1.20,0.61,0.01,1098719.00,2590161.00,1986.00,90000.00,AMPHENOL CORPORATION (XNYS:APH),Electronic Equipment & Parts
"VMWARE, INC. (XNYS:VMW)",115.09,91.53,137.67,113.43,95.71,22.22,48459369567.00,421056300.00,0.71,19.38,0.20,7972050.00,1210626.00,1998.00,37500.00,"VMWARE, INC. (XNYS:VMW)",Software & IT Services
"REPUBLIC SERVICES, INC. (XNYS:RSG)",130.86,106.46,145.98,130.61,129.45,30.64,41337483174.00,315890900.00,0.76,1.41,0.01,446816.00,1386866.00,1996.00,35000.00,"REPUBLIC SERVICES, INC. (XNYS:RSG)",Professional & Commercial Services
"AUTODESK, INC. (XNAS:ADSK)",181.77,173.93,344.39,182.82,191.41,85.53,39539900967.00,217527100.00,1.39,-9.64,-0.05,2374668.00,1947554.00,1994.00,12600.00,"AUTODESK, INC. (XNAS:ADSK)",Software & IT Services
HILTON WORLDWIDE HOLDINGS INC. (XNYS:HLT),132.08,114.70,167.99,131.63,130.28,50.24,36762050936.00,278331700.00,1.21,1.80,0.01,839681.00,2723296.00,2010.00,142000.00,HILTON WORLDWIDE HOLDINGS INC. (XNYS:HLT),Hotels & Entertainment Services
Xcel Energy Inc. (XNAS:XEL),74.66,61.16,76.05,75.10,74.22,24.87,40663815378.00,544653300.00,0.32,0.44,0.01,1153511.00,3612779.00,1909.00,11321.00,Xcel Energy Inc. (XNAS:XEL),Electrical Utilities & IPPs
THE KROGER CO. (XNYS:KR),50.43,36.17,62.78,48.59,48.66,22.39,36353303692.00,720938100.00,0.52,1.77,0.04,2662419.00,6545649.00,1902.00,420000.00,THE KROGER CO. (XNYS:KR),Food & Drug Retailing
HP INC. (XNYS:HPQ),34.72,26.11,41.47,34.71,34.65,6.16,36572867520.00,1053366000.00,0.94,0.07,0.00,6102360.00,10512588.00,1998.00,51000.00,HP INC. (XNYS:HPQ),"Computers, Phones & Household Electronics"
WELLTOWER INC (XNYS:WELL),87.89,73.69,99.43,88.31,87.50,306.74,39999100000.00,453967800.00,0.96,0.39,0.00,811900.00,2402155.00,1985.00,464.00,WELLTOWER INC (XNYS:WELL),Residential & Commercial REIT
"CADENCE DESIGN SYSTEMS, INC. (XNAS:CDNS)",147.14,122.04,192.70,147.20,146.60,54.75,40575179260.00,275759000.00,1.12,0.54,0.00,603364.00,1793964.00,1987.00,9300.00,"CADENCE DESIGN SYSTEMS, INC. (XNAS:CDNS)",Software & IT Services
COGNIZANT TECHNOLOGY SOLUTIONS CORPORATION (XNAS:CTSH),71.61,66.19,93.47,71.52,70.83,17.00,37321255818.00,521173800.00,1.13,0.78,0.01,1011143.00,3491696.00,1988.00,340400.00,COGNIZANT TECHNOLOGY SOLUTIONS CORPORATION (XNAS:CTSH),Software & IT Services
"AUTOZONE, INC. (XNYS:AZO)",1781.66,1367.96,2267.40,1773.84,1771.68,16.16,35363937724.00,19848870.00,0.93,9.98,0.01,135255.00,199843.00,1991.00,62000.00,"AUTOZONE, INC. (XNYS:AZO)",Specialty Retailers
CINTAS CORPORATION (XNAS:CTAS),369.10,345.34,461.44,365.43,363.62,32.15,37768120590.00,102324900.00,1.48,5.48,0.02,135518.00,495633.00,1986.00,40000.00,CINTAS CORPORATION (XNAS:CTAS),Professional & Commercial Services
IQVIA HOLDINGS INC (XNYS:IQV),202.84,195.57,285.61,203.45,201.83,36.40,38392405965.00,189279000.00,1.41,1.01,0.01,332641.00,1206949.00,2016.00,79000.00,IQVIA HOLDINGS INC (XNYS:IQV),Biotechnology & Medical Research
REALTY INCOME CORPORATION (XNYS:O),67.90,62.74,75.40,68.13,67.99,66.64,40845516578.00,601598300.00,0.73,-0.10,0.00,2561348.00,3998398.00,1997.00,367.00,REALTY INCOME CORPORATION (XNYS:O),Residential & Commercial REIT
MICROCHIP TECHNOLOGY INCORPORATED (XNAS:MCHP),66.34,63.34,90.00,66.66,66.67,24.70,36884423038.00,555990700.00,1.51,-0.33,-0.01,2689691.00,5381092.00,1989.00,19500.00,MICROCHIP TECHNOLOGY INCORPORATED (XNAS:MCHP),Semiconductors & Semiconductor Equipment
"WALGREENS BOOTS ALLIANCE, INC. (XNAS:WBA)",42.26,39.72,55.82,41.35,40.96,5.99,36503063884.00,863773400.00,0.54,1.30,0.03,3222407.00,7438064.00,2014.00,202000.00,"WALGREENS BOOTS ALLIANCE, INC. (XNAS:WBA)",Food & Drug Retailing
"AGILENT TECHNOLOGIES, INC. (XNYS:A)",125.60,112.64,179.57,126.41,125.13,31.76,37694243040.00,300113400.00,1.01,0.47,0.00,754879.00,2074338.00,1999.00,17200.00,"AGILENT TECHNOLOGIES, INC. (XNYS:A)",Healthcare Equipment & Supplies
"CHIPOTLE MEXICAN GRILL, INC. (XNYS:CMG)",1290.05,1233.25,1958.55,1301.53,1294.11,53.80,36072958622.00,27962450.00,1.31,-4.06,0.00,172358.00,299155.00,1998.00,97660.00,"CHIPOTLE MEXICAN GRILL, INC. (XNYS:CMG)",Hotels & Entertainment Services
AFLAC INCORPORATED (XNYS:AFL),56.61,51.28,67.20,55.99,55.09,9.04,36466158006.00,644164600.00,0.95,1.52,0.03,931548.00,2929476.00,1973.00,12447.00,AFLAC INCORPORATED (XNYS:AFL),Insurance
"DIGITAL REALTY TRUST, INC. (XNYS:DLR)",132.71,124.35,178.22,133.05,131.10,27.18,37778874204.00,284672400.00,0.34,1.61,0.01,472290.00,1628207.00,2004.00,3030.00,"DIGITAL REALTY TRUST, INC. (XNYS:DLR)",Residential & Commercial REIT
BAXTER INTERNATIONAL INC. (XNYS:BAX),73.38,69.72,89.70,74.18,73.23,35.11,36946418362.00,503528700.00,0.59,0.15,0.00,1132008.00,3189456.00,1931.00,60000.00,BAXTER INTERNATIONAL INC. (XNYS:BAX),Healthcare Equipment & Supplies
NUCOR CORPORATION (XNYS:NUE),124.47,87.71,187.90,122.70,119.97,4.30,33115406830.00,266062000.00,1.31,4.50,0.04,1112447.00,3656445.00,1958.00,28800.00,NUCOR CORPORATION (XNYS:NUE),Metals & Mining
"TWITTER, INC. (XNYS:TWTR)",37.66,31.30,73.34,37.94,38.29,158.16,28775224258.00,764180700.00,0.66,-0.64,-0.02,7424606.00,59790012.00,2007.00,7500.00,"TWITTER, INC. (XNYS:TWTR)",Software & IT Services
THE ALLSTATE CORPORATION (XNYS:ALL),125.25,106.11,144.46,124.54,123.03,10.98,34440245835.00,274983000.00,0.81,2.22,0.02,580476.00,1648008.00,1992.00,54300.00,ALL,#FIELD!
"DOLLAR TREE, INC. (XNAS:DLTR)",129.41,84.26,177.19,128.50,127.88,22.15,29190806644.00,225568400.00,0.79,1.53,0.01,996793.00,2606955.00,2008.00,61886.00,"DOLLAR TREE, INC. (XNAS:DLTR)",Diversified Retail
THE BANK OF NEW YORK MELLON CORPORATION (XNYS:BK),44.86,41.77,64.63,44.68,43.77,10.84,36237827252.00,807798200.00,1.09,1.09,0.02,1793294.00,5491723.00,2007.00,49600.00,THE BANK OF NEW YORK MELLON CORPORATION (XNYS:BK),Investment Banking & Investment Services
DELL TECHNOLOGIES INC. (XNYS:DELL),40.97,38.33,61.54,40.27,40.05,6.39,30651537523.00,748145900.00,0.91,0.92,0.02,5080271.00,4533347.00,2013.00,133000.00,DELL TECHNOLOGIES INC. (XNYS:DELL),"Computers, Phones & Household Electronics"
LyondellBasell Industries NV (XNYS:LYB),106.08,84.17,118.02,106.93,107.87,6.13,34754120544.00,327621800.00,1.22,-1.79,-0.02,1183068.00,2215162.00,2009.00,19100.00,LyondellBasell Industries NV (XNYS:LYB),Chemicals
"ILLUMINA, INC. (XNAS:ILMN)",244.67,208.35,526.00,246.71,243.49,53.11,38437657000.00,157100000.00,1.05,1.18,0.00,312267.00,1220495.00,2000.00,9800.00,"ILLUMINA, INC. (XNAS:ILMN)",Healthcare Equipment & Supplies
PARKER-HANNIFIN CORPORATION (XNYS:PH),261.75,253.33,340.00,261.54,258.77,20.01,33601371000.00,128372000.00,1.55,2.98,0.01,245341.00,755330.00,1938.00,54640.00,PARKER-HANNIFIN CORPORATION (XNYS:PH),"Machinery, Equipment & Components"
SBA Communications Corporation (XNAS:SBAC),332.63,286.41,391.15,328.15,326.62,82.40,35219130000.00,107829000.00,0.43,6.01,0.02,245874.00,669810.00,2016.00,1596.00,SBA Communications Corporation (XNAS:SBAC),Residential & Commercial REIT
"MOTOROLA SOLUTIONS, INC. (XNYS:MSI)",211.59,199.24,273.65,214.42,210.28,28.80,35397535745.00,167297000.00,0.91,1.31,0.01,370994.00,1017037.00,1973.00,18700.00,"MOTOROLA SOLUTIONS, INC. (XNYS:MSI)",Communications & Networking
AMERISOURCEBERGEN CORPORATION (XNYS:ABC),153.13,111.34,167.19,152.09,150.18,18.35,32075237633.00,209464100.00,0.45,2.95,0.02,344440.00,1774335.00,2001.00,38000.00,AMERISOURCEBERGEN CORPORATION (XNYS:ABC),Healthcare Equipment & Supplies
BAKER HUGHES COMPANY (XNAS:BKR),35.30,19.23,39.78,35.00,34.55,104.42,36183269265.00,1025167000.00,1.41,0.75,0.02,4077340.00,11661871.00,2016.00,55000.00,BAKER HUGHES COMPANY (XNAS:BKR),Oil & Gas Related Equipment and Services
"TYSON FOODS, INC. (XNYS:TSN)",87.66,69.88,100.72,86.22,85.28,7.73,31691603891.00,361549300.00,0.71,2.38,0.03,727845.00,2246527.00,1986.00,137000.00,"TYSON FOODS, INC. (XNYS:TSN)",Food & Tobacco
ARTHUR J. GALLAGHER & CO. (XNYS:AJG),157.15,135.50,187.02,156.31,155.00,34.01,33012186200.00,210068000.00,0.73,2.15,0.01,311486.00,1018107.00,1972.00,39000.00,ARTHUR J. GALLAGHER & CO. (XNYS:AJG),Insurance
HESS CORPORATION (XNYS:HES),113.92,61.93,119.43,114.42,113.34,48.60,35459024000.00,311262500.00,1.59,0.58,0.01,936806.00,2231870.00,1920.00,1545.00,HESS CORPORATION (XNYS:HES),Oil & Gas
"CONSOLIDATED EDISON, INC. (XNYS:ED)",97.73,71.17,99.22,97.48,95.81,22.14,34625250350.00,354295000.00,0.20,1.92,0.02,1060334.00,1801593.00,1997.00,13871.00,"CONSOLIDATED EDISON, INC. (XNYS:ED)",Electrical Utilities & IPPs
"ARISTA NETWORKS, INC. (XNYS:ANET)",102.20,82.94,148.57,101.53,102.64,35.17,31502988382.00,308263500.00,1.31,-0.45,0.00,1127984.00,2124517.00,2011.00,2993.00,"ARISTA NETWORKS, INC. (XNYS:ANET)",Communications & Networking
"DuPont de Nemours, Inc. (XNYS:DD)",64.95,62.10,86.28,64.72,63.85,23.37,33026260036.00,508526600.00,1.39,1.10,0.02,1009104.00,2859176.00,2015.00,28000.00,"DuPont de Nemours, Inc. (XNYS:DD)",Chemicals
"DEXCOM, INC. (XNAS:DXCM)",323.44,302.61,659.45,322.77,321.23,157.11,31737850799.00,98125930.00,1.13,2.21,0.01,271456.00,835706.00,1999.00,6300.00,"DEXCOM, INC. (XNAS:DXCM)",Healthcare Equipment & Supplies
INTERNATIONAL FLAVORS & FRAGRANCES INC. (XNYS:IFF),128.48,113.40,157.08,130.01,128.93,59.24,32741586239.00,254838000.00,0.97,-0.45,0.00,259188.00,1498226.00,1909.00,24000.00,INTERNATIONAL FLAVORS & FRAGRANCES INC. (XNYS:IFF),Food & Tobacco
"WEC ENERGY GROUP, INC. (XNYS:WEC)",104.89,86.84,106.82,105.00,103.55,24.15,33085924705.00,315434500.00,0.25,1.34,0.01,457560.00,1539915.00,1981.00,6938.00,"WEC ENERGY GROUP, INC. (XNYS:WEC)",Electrical Utilities & IPPs
"WASTE CONNECTIONS, INC. (XNYS:WCN)",125.61,115.75,145.62,125.06,124.58,50.92,41140510000.00,257165000.00,0.71,1.03,0.01,322147.00,1213180.00,2016.00,19998.00,"WASTE CONNECTIONS, INC. (XNYS:WCN)",Professional & Commercial Services
"YUM! BRANDS, INC. (XNYS:YUM)",113.08,108.55,139.85,113.00,111.92,20.33,32246322504.00,285163800.00,1.03,1.16,0.01,563969.00,1880304.00,1997.00,36000.00,"YUM! BRANDS, INC. (XNYS:YUM)",Hotels & Entertainment Services
MSCI INC. (XNYS:MSCI),415.95,376.41,679.85,418.19,417.04,45.52,33742722872.00,81123040.00,1.05,-1.10,0.00,165508.00,690981.00,1998.00,4361.00,MSCI INC. (XNYS:MSCI),Professional & Commercial Services
"ROSS STORES, INC. (XNAS:ROST)",78.55,69.75,127.58,72.27,71.87,15.98,27601865165.00,351392300.00,1.03,6.68,0.09,7619846.00,4538031.00,1989.00,100000.00,"ROSS STORES, INC. (XNAS:ROST)",Specialty Retailers
TRANSDIGM GROUP INCORPORATED (XNYS:TDG),560.69,531.23,688.03,558.95,550.24,38.29,30605263650.00,54585000.00,1.43,10.45,0.02,159131.00,355917.00,2003.00,13300.00,TRANSDIGM GROUP INCORPORATED (XNYS:TDG),Aerospace & Defense
ELECTRONIC ARTS INC. (XNAS:EA),133.15,109.24,148.93,134.49,130.76,47.38,37444749245.00,281222300.00,0.75,2.39,0.02,2481034.00,3200785.00,1991.00,11000.00,ELECTRONIC ARTS INC. (XNAS:EA),Software & IT Services
"OLD DOMINION FREIGHT LINE, INC. (XNAS:ODFL)",248.04,231.31,373.58,245.19,243.18,24.83,28116333228.00,113353800.00,1.07,4.86,0.02,385778.00,1108004.00,1999.00,23663.00,"OLD DOMINION FREIGHT LINE, INC. (XNAS:ODFL)",Freight & Logistics Services
HALLIBURTON COMPANY (XNYS:HAL),37.87,17.82,42.60,36.99,36.70,21.20,34157827332.00,901975900.00,2.23,1.17,0.03,4625024.00,11711929.00,1996.00,40000.00,HALLIBURTON COMPANY (XNYS:HAL),Oil & Gas Related Equipment and Services
Eversource Energy (XNYS:ES),91.05,78.44,94.63,91.31,90.37,24.03,31401151005.00,344878100.00,0.40,0.68,0.01,790969.00,1483125.00,1927.00,9227.00,Eversource Energy (XNYS:ES),Electrical Utilities & IPPs
CORNING INCORPORATED (XNYS:GLW),33.73,32.24,44.30,32.96,33.13,26.46,28484556562.00,844612500.00,0.92,0.60,0.02,2982375.00,5691694.00,1936.00,61200.00,CORNING INCORPORATED (XNYS:GLW),Electronic Equipment & Parts
"APOLLO GLOBAL MANAGEMENT, INC. (XNYS:APO)",54.87,49.18,81.07,55.25,54.48,16.58,31520537895.00,574458500.00,1.55,0.39,0.01,1126621.00,3391601.00,2021.00,2153.00,"APOLLO GLOBAL MANAGEMENT, INC. (XNYS:APO)",Investment Banking & Investment Services
Fastenal Company (XNAS:FAST),51.94,48.84,64.75,52.03,51.45,30.19,29896975640.00,575606000.00,1.28,0.49,0.01,1073323.00,3626539.00,1968.00,21167.00,Fastenal Company (XNAS:FAST),"Machinery, Equipment & Components"
M&T BANK CORPORATION (XNYS:MTB),168.98,128.46,186.95,166.12,162.73,12.43,30317952252.00,179417400.00,0.85,6.25,0.04,423445.00,1393772.00,1969.00,17115.00,M&T BANK CORPORATION (XNYS:MTB),Banking Services
DISCOVER FINANCIAL SERVICES (XNYS:DFS),108.31,98.38,135.69,106.66,103.82,6.07,30429925155.00,280965100.00,1.45,4.49,0.04,945207.00,1769050.00,1960.00,16700.00,DISCOVER FINANCIAL SERVICES (XNYS:DFS),Banking Services
"PPG INDUSTRIES, INC. (XNYS:PPG)",121.24,111.32,182.97,121.36,119.68,27.05,28630595644.00,236148100.00,1.15,1.56,0.01,319308.00,1611420.00,1883.00,49300.00,"PPG INDUSTRIES, INC. (XNYS:PPG)",Chemicals
RESMED INC. (XNYS:RMD),197.29,189.40,301.34,200.04,197.66,37.24,28859777039.00,146284700.00,0.45,-0.38,0.00,155211.00,615762.00,1994.00,7970.00,RESMED INC. (XNYS:RMD),Healthcare Equipment & Supplies
WEYERHAEUSER COMPANY (XNYS:WY),38.09,31.08,42.86,37.92,37.63,10.47,28354206330.00,744498000.00,1.49,0.46,0.01,2077411.00,4294732.00,1900.00,9214.00,WEYERHAEUSER COMPANY (XNYS:WY),Residential & Commercial REIT
"IDEXX LABORATORIES, INC. (XNAS:IDXX)",367.21,330.66,706.95,371.62,372.23,43.69,30848294928.00,84007230.00,1.15,-5.02,-0.01,293320.00,868701.00,1983.00,10350.00,"IDEXX LABORATORIES, INC. (XNAS:IDXX)",Healthcare Equipment & Supplies
BIOGEN INC. (XNAS:BIIB),201.17,187.16,468.55,201.09,199.65,20.46,29461748840.00,146452000.00,0.43,1.52,0.01,323632.00,1208263.00,1997.00,9610.00,BIOGEN INC. (XNAS:BIIB),Pharmaceuticals
HORMEL FOODS CORPORATION (XNYS:HRL),48.69,40.48,55.11,48.78,48.26,28.54,26535933144.00,544997600.00,0.12,0.43,0.01,479973.00,1827916.00,1928.00,20000.00,HORMEL FOODS CORPORATION (XNYS:HRL),Food & Tobacco
EQUITY RESIDENTIAL (XNYS:EQR),75.41,71.86,94.32,74.81,74.02,20.66,28357312138.00,376041800.00,0.85,1.39,0.02,788005.00,1842238.00,1992.00,2400.00,EQUITY RESIDENTIAL (XNYS:EQR),Residential & Commercial REIT
"VERISK ANALYTICS, INC. (XNAS:VRSK)",169.49,167.03,231.57,169.62,168.89,28.24,26762809980.00,157902000.00,0.93,0.60,0.00,195026.00,1216663.00,2008.00,9367.00,"VERISK ANALYTICS, INC. (XNAS:VRSK)",Software & IT Services
"AVALONBAY COMMUNITIES, INC. (XNYS:AVB)",203.14,197.62,259.05,201.41,200.95,25.04,28402669147.00,139818200.00,0.96,2.19,0.01,202392.00,932154.00,1995.00,2927.00,"AVALONBAY COMMUNITIES, INC. (XNYS:AVB)",Residential & Commercial REIT
"T. ROWE PRICE GROUP, INC. (XNAS:TROW)",121.88,112.65,224.56,123.50,121.78,9.85,27702682311.00,227296600.00,1.31,0.10,0.00,672908.00,1860238.00,2000.00,7529.00,"T. ROWE PRICE GROUP, INC. (XNAS:TROW)",Investment Banking & Investment Services
"AMETEK, INC. (XNYS:AME)",118.57,114.37,148.07,118.80,117.36,26.21,27377844150.00,230910000.00,1.27,1.21,0.01,380036.00,1278774.00,1986.00,18500.00,"AMETEK, INC. (XNYS:AME)","Machinery, Equipment & Components"
"ONEOK, INC. (XNYS:OKE)",63.64,48.51,75.07,64.30,63.54,18.93,28422642240.00,446616000.00,1.66,0.10,0.00,744006.00,2901111.00,1997.00,2847.00,"ONEOK, INC. (XNYS:OKE)",Oil & Gas Related Equipment and Services
CUMMINS INC. (XNYS:CMI),199.95,187.72,265.09,200.44,197.31,14.68,28212505110.00,141097800.00,0.98,2.64,0.01,234790.00,1009627.00,1919.00,59900.00,CUMMINS INC. (XNYS:CMI),Automobiles & Auto Parts
CERNER CORPORATION (XNAS:CERN),94.03,69.08,94.46,94.00,93.93,47.32,27652573852.00,294098100.00,0.74,0.10,0.00,884151.00,2951984.00,1986.00,25150.00,CERNER CORPORATION (XNAS:CERN),Healthcare Equipment & Supplies
METTLER-TOLEDO INTERNATIONAL INC. (XNYS:MTD),1247.26,1168.31,1714.75,1246.82,1238.58,36.37,28288243450.00,22680310.00,1.05,8.68,0.01,37200.00,147993.00,1991.00,15600.00,METTLER-TOLEDO INTERNATIONAL INC. (XNYS:MTD),Office Equipment
EBAY INC. (XNAS:EBAY),44.86,43.28,81.19,44.74,44.31,253.23,25111717395.00,559842100.00,1.19,0.55,0.01,3017783.00,7344109.00,1998.00,10800.00,EBAY INC. (XNAS:EBAY),Software & IT Services
SVB FINANCIAL GROUP (XNAS:SIVB),447.34,419.60,763.22,442.71,434.70,14.75,26326482387.00,58851170.00,1.81,12.64,0.03,228034.00,612115.00,1999.00,7149.00,SVB FINANCIAL GROUP (XNAS:SIVB),Banking Services
"ALEXANDRIA REAL ESTATE EQUITIES, INC. (XNYS:ARE)",161.19,156.94,224.95,162.06,159.71,57.31,26309093301.00,163217900.00,0.89,1.48,0.01,212061.00,1002559.00,1994.00,559.00,"ALEXANDRIA REAL ESTATE EQUITIES, INC. (XNYS:ARE)",Residential & Commercial REIT
SOUTHWEST AIRLINES CO. (XNYS:LUV),43.41,36.75,62.39,43.21,42.65,45.22,25740237323.00,592956400.00,0.93,0.76,0.02,1405671.00,5856121.00,1967.00,58865.00,SOUTHWEST AIRLINES CO. (XNYS:LUV),Passenger Transportation Services
"MCCORMICK & COMPANY, INCORPORATED (XNYS:MKC)",91.70,77.85,107.35,91.46,90.32,32.58,24201600000.00,268076500.00,0.48,1.38,0.02,700151.00,1147756.00,1915.00,14000.00,"MCCORMICK & COMPANY, INCORPORATED (XNYS:MKC)",Food & Tobacco
"AMERICAN WATER WORKS COMPANY, INC. (XNYS:AWK)",148.07,142.36,189.65,147.47,145.57,20.57,26912211131.00,181753300.00,0.46,2.50,0.02,341693.00,950272.00,1936.00,6400.00,"AMERICAN WATER WORKS COMPANY, INC. (XNYS:AWK)",Water Utilities
"COPART, INC. (XNAS:CPRT)",110.93,105.41,161.12,113.15,112.11,24.96,26345575489.00,237497300.00,1.11,-1.18,-0.01,565001.00,1187342.00,2012.00,8600.00,"COPART, INC. (XNAS:CPRT)",Specialty Retailers
"CBRE GROUP, INC. (XNYS:CBRE)",79.74,76.98,111.00,80.00,78.97,13.65,26062229941.00,326860600.00,1.35,0.77,0.01,590895.00,2251503.00,2001.00,105000.00,"CBRE GROUP, INC. (XNYS:CBRE)",Real Estate Operations
ALBEMARLE CORPORATION (XNYS:ALB),241.61,154.23,291.48,240.00,236.44,99.41,28295599447.00,117112700.00,1.41,5.17,0.02,407653.00,1324845.00,1993.00,6000.00,ALBEMARLE CORPORATION (XNYS:ALB),Chemicals
EDISON INTERNATIONAL (XNYS:EIX),66.69,54.14,73.32,66.63,65.85,42.88,25422248007.00,381200300.00,0.66,0.84,0.01,391664.00,1921495.00,1987.00,13003.00,EDISON INTERNATIONAL (XNYS:EIX),Electrical Utilities & IPPs
VICI PROPERTIES INC. (XNYS:VICI),29.17,26.23,33.35,29.18,28.95,17.91,28090771257.00,963002100.00,1.01,0.22,0.01,2413667.00,14942753.00,2017.00,152.00,VICI PROPERTIES INC. (XNYS:VICI),Residential & Commercial REIT
FIRST REPUBLIC BANK (XNYS:FRC),149.25,136.31,222.86,147.25,144.90,18.41,26812284900.00,179646800.00,1.09,4.35,0.03,464799.00,1103901.00,2009.00,6452.00,FIRST REPUBLIC BANK (XNYS:FRC),Banking Services
VEEVA SYSTEMS INC. (XNYS:VEEV),163.63,152.04,343.96,164.86,164.51,62.47,25327894988.00,154787600.00,0.88,-0.88,-0.01,285515.00,1047710.00,2007.00,5482.00,VEEVA SYSTEMS INC. (XNYS:VEEV),Healthcare Equipment & Supplies
FIFTH THIRD BANCORP (XNAS:FITB),36.91,34.35,50.64,36.48,35.64,10.21,25323489624.00,686087500.00,1.31,1.27,0.04,2212283.00,6643190.00,1974.00,19247.00,FIFTH THIRD BANCORP (XNAS:FITB),Banking Services
"UDR, INC. (XNYS:UDR)",47.48,45.97,61.06,47.18,46.58,92.52,15116092222.00,318401100.00,0.79,0.90,0.02,681832.00,1777925.00,2003.00,1219.00,"UDR, INC. (XNYS:UDR)",Residential & Commercial REIT
DTE ENERGY COMPANY (XNYS:DTE),130.21,108.22,140.23,130.49,128.72,26.82,25226781232.00,193739200.00,0.63,1.49,0.01,594184.00,1100595.00,1995.00,10300.00,DTE,#FIELD!
STATE STREET CORPORATION (XNYS:STT),69.64,65.41,104.87,69.51,67.47,9.14,25565902528.00,367115200.00,1.56,2.17,0.03,977997.00,3105817.00,1969.00,39335.00,STATE STREET CORPORATION (XNYS:STT),Investment Banking & Investment Services
"DELTA AIR LINES, INC. (XNYS:DAL)",39.44,29.75,48.54,39.36,38.64,48.96,25285186588.00,641058000.00,1.07,0.80,0.02,4968407.00,14526545.00,1967.00,83000.00,"DELTA AIR LINES, INC. (XNYS:DAL)",Passenger Transportation Services
EXTRA SPACE STORAGE INC. (XNYS:EXR),173.36,145.64,228.84,175.30,171.38,27.76,23012880000.00,134279900.00,0.51,1.98,0.01,137141.00,833370.00,2004.00,4309.00,EXTRA SPACE STORAGE INC. (XNYS:EXR),Residential & Commercial REIT
KELLOGG COMPANY (XNYS:K),68.69,59.54,75.56,68.72,67.74,15.09,23206779531.00,337872600.00,0.47,0.95,0.01,1153873.00,3134244.00,1922.00,31000.00,KELLOGG COMPANY (XNYS:K),Food & Tobacco
"KEYSIGHT TECHNOLOGIES, INC. (XNYS:KEYS)",140.06,127.93,209.08,138.95,137.80,24.93,27731880000.00,198000000.00,1.07,2.26,0.02,432478.00,1085281.00,2013.00,14300.00,"KEYSIGHT TECHNOLOGIES, INC. (XNYS:KEYS)","Machinery, Equipment & Components"
EQUIFAX INC. (XNYS:EFX),195.25,185.76,300.11,195.94,194.61,31.47,23885830406.00,122335100.00,1.48,0.64,0.00,353879.00,1377099.00,1913.00,12700.00,EQUIFAX INC. (XNYS:EFX),Professional & Commercial Services
"D.R. HORTON, INC. (XNYS:DHI)",67.52,64.13,110.45,69.17,68.75,4.92,23767318953.00,352030200.00,1.55,-1.24,-0.02,878118.00,3518933.00,1991.00,11788.00,"D.R. HORTON, INC. (XNYS:DHI)",Homebuilding & Construction Supplies
FIRSTENERGY CORP. (XNYS:FE),42.80,35.42,48.85,42.83,42.37,19.64,24433047778.00,570932300.00,0.37,0.43,0.01,953000.00,3555152.00,1996.00,12395.00,FIRSTENERGY CORP. (XNYS:FE),Electrical Utilities & IPPs
"Nasdaq, Inc. (XNAS:NDAQ)",147.19,140.31,214.96,147.45,146.13,20.98,24238925382.00,164677800.00,0.95,1.06,0.01,357041.00,1010019.00,1979.00,5987.00,"Nasdaq, Inc. (XNAS:NDAQ)",Investment Banking & Investment Services
AMEREN CORPORATION (XNYS:AEE),93.27,79.35,99.20,93.87,92.64,23.73,24084785655.00,258226500.00,0.35,0.63,0.01,343002.00,1368686.00,1995.00,9116.00,AMEREN CORPORATION (XNYS:AEE),Multiline Utilities
"W. W. GRAINGER, INC. (XNYS:GWW)",467.85,391.16,529.91,469.59,464.54,20.56,23907660801.00,51101670.00,1.20,3.31,0.01,80188.00,339302.00,1928.00,22700.00,"W. W. GRAINGER, INC. (XNYS:GWW)","Machinery, Equipment & Components"
"ZIMMER BIOMET HOLDINGS, INC. (XNYS:ZBH)",120.03,105.23,164.90,119.33,117.61,81.85,25155563319.00,209577300.00,1.14,2.42,0.02,343479.00,1422662.00,2001.00,19500.00,"ZIMMER BIOMET HOLDINGS, INC. (XNYS:ZBH)",Healthcare Equipment & Supplies
SIRIUS XM HOLDINGS INC. (XNAS:SIRI),6.24,5.70,7.02,6.20,6.16,17.88,24541683260.00,3936116000.00,0.92,0.08,0.01,7758861.00,21740731.00,2013.00,5590.00,SIRIUS XM HOLDINGS INC. (XNAS:SIRI),Media & Publishing
Coterra Energy Inc. (XNYS:CTRA),31.65,13.95,33.00,31.03,30.69,14.42,25499705554.00,805805200.00,-0.23,0.96,0.03,4574777.00,9343492.00,1989.00,936.00,Coterra Energy Inc. (XNYS:CTRA),Oil & Gas
"ROCKWELL AUTOMATION, INC. (XNYS:ROK)",202.17,191.08,354.99,201.10,199.51,36.29,23504607672.00,116261600.00,1.48,2.66,0.01,291605.00,1116080.00,1996.00,24500.00,"ROCKWELL AUTOMATION, INC. (XNYS:ROK)","Machinery, Equipment & Components"
"CHURCH & DWIGHT CO., INC. (XNYS:CHD)",89.58,80.76,105.28,89.68,88.75,27.23,21747435138.00,242771100.00,0.46,0.83,0.01,477866.00,1369117.00,1925.00,5100.00,"CHURCH & DWIGHT CO., INC. (XNYS:CHD)",Personal & Household Products & Services
ENTERGY CORPORATION (XNYS:ETR),117.38,98.50,126.82,118.55,116.98,22.34,23871729597.00,203374300.00,0.58,0.40,0.00,630724.00,1137933.00,1992.00,12369.00,ENTERGY CORPORATION (XNYS:ETR),Electrical Utilities & IPPs
ON SEMICONDUCTOR CORPORATION (XNAS:ON),55.29,34.01,71.26,56.10,56.46,17.34,24023814624.00,434505600.00,1.65,-1.17,-0.02,2266089.00,6247112.00,2000.00,30000.00,ON SEMICONDUCTOR CORPORATION (XNAS:ON),Semiconductors & Semiconductor Equipment
PG&E CORPORATION (XNYS:PCG),12.07,8.24,13.19,11.92,11.74,122.61,29742879300.00,2465220000.00,1.17,0.33,0.03,10100076.00,20326124.00,1995.00,26000.00,PG&E CORPORATION (XNYS:PCG),Electrical Utilities & IPPs
"DIAMONDBACK ENERGY, INC. (XNAS:FANG)",131.83,64.74,145.31,131.50,130.28,8.57,23398849458.00,177492600.00,2.11,1.55,0.01,1490504.00,2618403.00,2011.00,870.00,"DIAMONDBACK ENERGY, INC. (XNAS:FANG)",Oil & Gas
"THE HARTFORD FINANCIAL SERVICES GROUP, INC. (XNYS:HIG)",68.62,59.86,78.17,68.05,66.79,9.19,22566688852.00,328864600.00,0.97,1.83,0.03,755141.00,2234977.00,1985.00,18100.00,"THE HARTFORD FINANCIAL SERVICES GROUP, INC. (XNYS:HIG)",Insurance
"CONTINENTAL RESOURCES, INC. (XNYS:CLR)",61.26,30.85,66.86,60.60,59.78,10.88,22233672220.00,362969100.00,2.67,1.48,0.02,1262013.00,1490200.00,1967.00,1254.00,"CONTINENTAL RESOURCES, INC. (XNYS:CLR)",Oil & Gas
"INTERACTIVE BROKERS GROUP, INC. (XNAS:IBKR)",57.47,52.18,82.83,57.52,56.59,19.87,24030666716.00,418142800.00,0.77,0.88,0.02,350141.00,1034158.00,2006.00,2683.00,"INTERACTIVE BROKERS GROUP, INC. (XNAS:IBKR)",Investment Banking & Investment Services
"COSTAR GROUP, INC. (XNAS:CSGP)",57.06,49.00,101.05,57.50,57.16,73.26,22606634491.00,396225300.00,0.92,-0.11,0.00,638956.00,2166057.00,1998.00,4742.00,"COSTAR GROUP, INC. (XNAS:CSGP)",Software & IT Services
CDW CORPORATION (XNAS:CDW),162.43,155.39,208.71,161.85,160.20,22.52,21946843151.00,135115700.00,1.09,2.23,0.01,252600.00,974356.00,2007.00,13900.00,CDW CORPORATION (XNAS:CDW),Software & IT Services
LABORATORY CORPORATION OF AMERICA HOLDINGS (XNYS:LH),249.16,232.01,317.17,250.34,248.55,11.41,23097132000.00,92700000.00,1.00,0.61,0.00,283126.00,843771.00,1994.00,75500.00,LABORATORY CORPORATION OF AMERICA HOLDINGS (XNYS:LH),Healthcare Providers & Services
BALL CORPORATION (XNYS:BALL),69.94,67.11,98.09,69.45,68.98,20.38,22366035666.00,319788900.00,0.61,0.96,0.01,891306.00,2405863.00,1922.00,24300.00,BALL CORPORATION (XNYS:BALL),Containers & Packaging
SEAGEN INC. (XNAS:SGEN),140.40,105.43,192.79,141.92,139.64,53.58,25844214240.00,184075600.00,0.80,0.76,0.01,269466.00,1208253.00,1997.00,2675.00,SEAGEN INC. (XNAS:SGEN),Biotechnology & Medical Research
TRACTOR SUPPLY COMPANY (XNAS:TSCO),176.05,170.82,241.54,179.69,179.96,20.65,20134220000.00,111881600.00,1.06,-3.91,-0.02,750992.00,1389559.00,1982.00,22000.00,TRACTOR SUPPLY COMPANY (XNAS:TSCO),Specialty Retailers
INVITATION HOMES INC. (XNYS:INVH),36.59,35.25,45.80,36.58,36.21,72.22,22331641731.00,610320900.00,0.90,0.38,0.01,1198354.00,3776760.00,2017.00,1240.00,INVITATION HOMES INC. (XNYS:INVH),Residential & Commercial REIT
LENNAR CORPORATION (XNYS:LEN),74.07,70.67,117.54,74.91,74.44,5.83,21576350000.00,295490200.00,1.44,-0.37,-0.01,969495.00,2584320.00,1991.00,10753.00,LENNAR CORPORATION (XNYS:LEN),Homebuilding & Construction Supplies
"WEST PHARMACEUTICAL SERVICES, INC. (XNYS:WST)",300.92,288.12,475.35,302.71,300.68,33.59,22290465192.00,74075620.00,1.17,0.24,0.00,154919.00,498810.00,1923.00,10065.00,"WEST PHARMACEUTICAL SERVICES, INC. (XNYS:WST)",Healthcare Equipment & Supplies
"ANSYS, INC. (XNAS:ANSS)",253.28,230.72,413.89,253.16,252.15,49.01,22032857593.00,86990120.00,1.29,1.13,0.00,183543.00,592170.00,1994.00,5100.00,"ANSYS, INC. (XNAS:ANSS)",Software & IT Services
NORTHERN TRUST CORPORATION (XNAS:NTRS),106.50,100.05,135.15,105.53,103.47,14.36,22192448700.00,208379800.00,1.10,3.03,0.03,282216.00,829173.00,1971.00,21100.00,NORTHERN TRUST CORPORATION (XNAS:NTRS),Investment Banking & Investment Services
"VENTAS, INC. (XNYS:VTR)",56.62,45.44,64.02,57.05,56.52,148.96,22630759210.00,399695500.00,1.14,0.10,0.00,766551.00,2163689.00,1987.00,434.00,"VENTAS, INC. (XNYS:VTR)",Residential & Commercial REIT
VULCAN MATERIALS COMPANY (XNYS:VMC),162.27,156.53,213.65,161.72,160.03,35.26,21564369440.00,132896000.00,0.71,2.24,0.01,313630.00,874191.00,2007.00,11437.00,VULCAN MATERIALS COMPANY (XNYS:VMC),Construction Materials
"THE TRADE DESK, INC. (XNAS:TTD)",51.91,39.39,114.09,52.18,52.64,261.80,25245172278.00,486325800.00,2.14,-0.73,-0.01,2403677.00,7242270.00,2009.00,1967.00,"THE TRADE DESK, INC. (XNAS:TTD)",Software & IT Services
HEWLETT PACKARD ENTERPRISE COMPANY (XNYS:HPE),14.44,12.99,17.76,14.21,14.16,5.08,18767463160.00,1300136000.00,1.17,0.28,0.02,4821202.00,11470698.00,2015.00,60400.00,HEWLETT PACKARD ENTERPRISE COMPANY (XNYS:HPE),"Computers, Phones & Household Electronics"
"UNITED RENTALS, INC. (XNYS:URI)",272.20,262.76,414.99,272.67,269.92,12.69,19492653022.00,71611510.00,1.83,2.28,0.01,495761.00,903662.00,1998.00,20400.00,"UNITED RENTALS, INC. (XNYS:URI)",Professional & Commercial Services
FORTIVE CORPORATION (XNYS:FTV),58.73,56.06,79.87,59.00,58.27,32.13,21049852927.00,358447900.00,1.07,0.46,0.01,952973.00,3050245.00,2015.00,18000.00,FORTIVE CORPORATION (XNYS:FTV),"Machinery, Equipment & Components"
THE MOSAIC COMPANY (XNYS:MOS),60.97,28.26,79.28,58.16,57.95,8.20,22070731501.00,361993300.00,1.57,3.02,0.05,4817843.00,8636906.00,2004.00,12525.00,THE MOSAIC COMPANY (XNYS:MOS),Chemicals
PPL CORPORATION (XNYS:PPL),29.40,25.27,30.72,29.47,29.20,214.30,21631868685.00,735903000.00,0.71,0.20,0.01,2713749.00,5670093.00,1994.00,5607.00,PPL CORPORATION (XNYS:PPL),Multiline Utilities
"EXPEDIA GROUP, INC. (XNAS:EXPE)",121.76,119.05,217.72,126.37,124.59,20.36,19128228128.00,157097800.00,1.61,-2.83,-0.02,1375040.00,4493219.00,2005.00,14800.00,"EXPEDIA GROUP, INC. (XNAS:EXPE)",Hotels & Entertainment Services
"MID-AMERICA APARTMENT COMMUNITIES, INC. (XNYS:MAA)",177.80,157.84,231.63,176.39,175.31,34.03,20523027280.00,115427600.00,0.76,2.49,0.01,181008.00,709783.00,1993.00,2429.00,"MID-AMERICA APARTMENT COMMUNITIES, INC. (XNYS:MAA)",Residential & Commercial REIT
"ENPHASE ENERGY, INC. (XNAS:ENPH)",167.60,113.40,282.46,168.58,168.25,144.98,22630726320.00,135028200.00,1.39,-0.65,0.00,948622.00,2984815.00,2006.00,2260.00,"ENPHASE ENERGY, INC. (XNAS:ENPH)",Renewable Energy
"MARTIN MARIETTA MATERIALS, INC. (XNYS:MLM)",330.82,316.73,446.46,332.49,327.76,31.03,20631748093.00,62365480.00,0.80,3.06,0.01,152399.00,492339.00,1993.00,10000.00,"MARTIN MARIETTA MATERIALS, INC. (XNYS:MLM)",Construction Materials
"ALIGN TECHNOLOGY, INC. (XNAS:ALGN)",274.05,250.64,737.45,278.46,275.04,30.98,21596660977.00,78805550.00,1.74,-0.99,0.00,422695.00,1294050.00,1997.00,22540.00,"ALIGN TECHNOLOGY, INC. (XNAS:ALGN)",Healthcare Equipment & Supplies
"MATCH GROUP, INC. (XNAS:MTCH)",73.95,67.87,182.00,76.70,76.70,84.83,21115069215.00,285531700.00,0.75,-2.75,-0.04,1151231.00,4461888.00,1986.00,2500.00,"MATCH GROUP, INC. (XNAS:MTCH)",Software & IT Services
CINCINNATI FINANCIAL CORPORATION (XNAS:CINF),124.64,108.88,143.22,123.67,121.98,9.68,19560130000.00,160355300.00,0.67,2.66,0.02,157119.00,713315.00,1992.00,5166.00,CINCINNATI FINANCIAL CORPORATION (XNAS:CINF),Insurance
"Best Buy Co., Inc. (XNYS:BBY)",72.37,69.07,141.97,72.30,72.36,7.35,16280912449.00,224967700.00,1.48,0.01,0.00,3661872.00,2844113.00,1966.00,105000.00,"Best Buy Co., Inc. (XNYS:BBY)",Specialty Retailers
"ULTA BEAUTY, INC. (XNAS:ULTA)",343.93,312.35,438.63,345.93,343.05,19.05,17962219124.00,52227140.00,1.56,0.88,0.00,442839.00,770734.00,2016.00,16500.00,"ULTA BEAUTY, INC. (XNAS:ULTA)",Specialty Retailers
"GARTNER, INC. (XNYS:IT)",249.38,228.20,369.00,253.46,250.04,26.43,20084425593.00,80539050.00,1.53,-0.67,0.00,251769.00,599662.00,1990.00,16600.00,"GARTNER, INC. (XNYS:IT)",Software & IT Services
CMS ENERGY CORPORATION (XNYS:CMS),69.41,57.92,73.76,69.82,68.83,27.36,20137860831.00,290129100.00,0.25,0.58,0.01,643124.00,1845783.00,1987.00,8504.00,CMS ENERGY CORPORATION (XNYS:CMS),Multiline Utilities
"RAYMOND JAMES FINANCIAL, INC. (XNYS:RJF)",93.82,81.96,117.37,92.59,91.77,12.94,19537958708.00,208249400.00,1.10,2.05,0.02,606945.00,1226029.00,1974.00,15000.00,"RAYMOND JAMES FINANCIAL, INC. (XNYS:RJF)",Investment Banking & Investment Services
"CF INDUSTRIES HOLDINGS, INC. (XNYS:CF)",100.22,43.19,113.49,96.78,95.79,12.36,20906062374.00,208601700.00,1.00,4.43,0.05,1429648.00,3254156.00,2005.00,3000.00,"CF INDUSTRIES HOLDINGS, INC. (XNYS:CF)",Chemicals
WATERS CORPORATION (XNYS:WAT),319.33,288.32,428.22,321.08,318.95,27.88,19234951122.00,60235340.00,0.81,0.38,0.00,95445.00,464361.00,1991.00,7800.00,WATERS CORPORATION (XNYS:WAT),Healthcare Equipment & Supplies
"SUN COMMUNITIES, INC. (XNYS:SUI)",158.56,151.51,211.79,158.82,157.70,51.43,19282893856.00,121612600.00,0.68,0.86,0.01,237409.00,653596.00,1993.00,5961.00,"SUN COMMUNITIES, INC. (XNYS:SUI)",Residential & Commercial REIT
"ESSEX PROPERTY TRUST, INC. (XNYS:ESS)",285.61,278.85,363.36,284.77,282.07,46.74,18659763842.00,65333020.00,0.80,3.54,0.01,181350.00,417026.00,1994.00,1757.00,"ESSEX PROPERTY TRUST, INC. (XNYS:ESS)",Residential & Commercial REIT
"CITIZENS FINANCIAL GROUP, INC. (XNYS:CFG)",39.13,36.76,57.00,38.74,37.75,8.01,19386801980.00,495446000.00,1.39,1.38,0.04,2704446.00,6800285.00,1984.00,17463.00,"CITIZENS FINANCIAL GROUP, INC. (XNYS:CFG)",Banking Services
DUKE REALTY CORPORATION (XNYS:DRE),51.41,45.77,66.22,51.44,50.91,19.00,19764836691.00,384455100.00,0.75,0.50,0.01,1724698.00,3582404.00,1992.00,340.00,DUKE REALTY CORPORATION (XNYS:DRE),Residential & Commercial REIT
"MONOLITHIC POWER SYSTEMS, INC. (XNAS:MPWR)",413.90,326.39,580.00,414.50,418.12,72.74,19305537700.00,46643000.00,0.96,-4.22,-0.01,129763.00,522523.00,2004.00,2773.00,"MONOLITHIC POWER SYSTEMS, INC. (XNAS:MPWR)",Semiconductors & Semiconductor Equipment
THE CLOROX COMPANY (XNYS:CLX),140.51,127.02,191.75,139.38,138.30,37.50,17293970800.00,123080000.00,0.18,2.21,0.02,454812.00,1570276.00,1986.00,9000.00,THE CLOROX COMPANY (XNYS:CLX),Personal & Household Products & Services
"CENTERPOINT ENERGY, INC. (XNYS:CNP)",30.87,24.23,33.00,31.03,30.58,21.26,19427937212.00,629448800.00,0.86,0.29,0.01,2671226.00,5302632.00,2001.00,9418.00,"CENTERPOINT ENERGY, INC. (XNYS:CNP)",Multiline Utilities
ARES MANAGEMENT CORPORATION (XNYS:ARES),67.83,53.63,90.08,67.51,66.76,33.49,19672965522.00,290033400.00,1.05,1.07,0.02,299386.00,884856.00,1997.00,2100.00,ARES MANAGEMENT CORPORATION (XNYS:ARES),Investment Banking & Investment Services
REGIONS FINANCIAL CORPORATION (XNYS:RF),20.86,18.02,25.57,20.61,20.15,8.37,19493663742.00,934499700.00,1.25,0.71,0.04,4313608.00,9631187.00,2004.00,19723.00,REGIONS FINANCIAL CORPORATION (XNYS:RF),Banking Services
HUNTINGTON BANCSHARES INCORPORATED (XNAS:HBAN),13.57,12.56,17.79,13.31,13.02,18.12,18738050000.00,1439175000.00,1.17,0.55,0.04,6773555.00,14827524.00,1966.00,19722.00,HUNTINGTON BANCSHARES INCORPORATED (XNAS:HBAN),Banking Services
TELEDYNE TECHNOLOGIES INCORPORATED (XNYS:TDY),390.48,374.03,493.97,391.10,386.10,31.83,18290961853.00,46842850.00,1.12,4.38,0.01,113106.00,363717.00,1999.00,14500.00,TELEDYNE TECHNOLOGIES INCORPORATED (XNYS:TDY),Electronic Equipment & Parts
DOVER CORPORATION (XNYS:DOV),130.87,127.04,184.05,132.57,130.78,17.01,18866664158.00,144163400.00,1.39,0.09,0.00,293715.00,1199473.00,1947.00,25000.00,DOVER CORPORATION (XNYS:DOV),"Machinery, Equipment & Components"
LIBERTY BROADBAND CORPORATION (XNAS:LBRDA),113.95,103.31,188.76,114.99,113.66,20.46,19165170000.00,162774400.00,1.01,0.29,0.00,76376.00,319995.00,2014.00,0.00,LIBERTY BROADBAND CORPORATION (XNAS:LBRDA),Media & Publishing
GENUINE PARTS COMPANY (XNYS:GPC),129.61,115.63,142.97,129.63,128.54,19.90,18200640000.00,141595200.00,0.99,1.07,0.01,405354.00,783733.00,1928.00,52000.00,GENUINE PARTS COMPANY (XNYS:GPC),Automobiles & Auto Parts
"VERISIGN, INC. (XNAS:VRSN)",166.51,159.69,257.03,166.71,165.56,23.27,18240304648.00,109544800.00,1.02,0.95,0.01,234391.00,1020568.00,1995.00,904.00,"VERISIGN, INC. (XNAS:VRSN)",Software & IT Services
"STANLEY BLACK & DECKER, INC. (XNYS:SWK)",117.75,112.38,219.59,117.82,116.35,14.49,17776081650.00,150964600.00,1.34,1.40,0.01,700130.00,2316348.00,1901.00,71300.00,"STANLEY BLACK & DECKER, INC. (XNYS:SWK)","Machinery, Equipment & Components"
"PERKINELMER, INC. (XNYS:PKI)",146.01,137.37,203.16,148.54,146.73,23.68,18418311742.00,126148500.00,1.13,-0.73,0.00,191350.00,908914.00,1947.00,16700.00,"PERKINELMER, INC. (XNYS:PKI)",Healthcare Equipment & Supplies
"EPAM SYSTEMS, INC. (XNYS:EPAM)",319.90,168.59,725.40,319.44,320.39,40.97,18282646487.00,57151130.00,1.64,-0.49,0.00,289835.00,890855.00,2002.00,58824.00,"EPAM SYSTEMS, INC. (XNYS:EPAM)",Software & IT Services
"EXPEDITORS INTERNATIONAL OF WASHINGTON, INC (XNAS:EXPD)",105.26,94.95,137.80,106.16,105.44,12.20,17657775514.00,167753900.00,0.80,-0.18,0.00,476646.00,1731681.00,1979.00,19070.00,"EXPEDITORS INTERNATIONAL OF WASHINGTON, INC (XNAS:EXPD)",Freight & Logistics Services
SYNCHRONY FINANCIAL (XNYS:SYF),34.01,31.37,52.49,33.00,32.46,4.41,17055634087.00,501488800.00,1.45,1.55,0.05,3790806.00,6976248.00,2003.00,18000.00,SYNCHRONY FINANCIAL (XNYS:SYF),Banking Services
V.F. CORPORATION (XNYS:VFC),46.08,44.17,84.96,47.68,47.32,15.27,17920590336.00,388901700.00,1.43,-1.24,-0.03,2482352.00,3685218.00,1899.00,40000.00,V.F. CORPORATION (XNYS:VFC),Textiles & Apparel
"J. B. HUNT TRANSPORT SERVICES, INC. (XNAS:JBHT)",165.32,155.11,218.18,165.35,164.38,20.39,17322791688.00,104783400.00,1.07,0.94,0.01,225010.00,994966.00,1961.00,33045.00,"J. B. HUNT TRANSPORT SERVICES, INC. (XNAS:JBHT)",Freight & Logistics Services
WESTERN DIGITAL CORPORATION (XNAS:WDC),57.30,43.85,78.19,57.13,56.81,9.81,17944514940.00,313167800.00,1.34,0.49,0.01,1138784.00,5224964.00,2000.00,65600.00,WESTERN DIGITAL CORPORATION (XNAS:WDC),"Computers, Phones & Household Electronics"
PARAMOUNT GLOBAL (XNAS:PARA),33.17,26.11,47.46,32.86,32.64,6.89,21276600000.00,649100500.00,1.48,0.53,0.02,3715587.00,10639205.00,1986.00,22965.00,PARAMOUNT GLOBAL (XNAS:PARA),Media & Publishing
"AMERICAN CAMPUS COMMUNITIES, INC. (XNYS:ACC)",64.57,45.75,65.02,64.60,64.56,163.41,9005719895.00,139483000.00,0.80,0.01,0.00,1387724.00,7363401.00,2004.00,3006.00,"AMERICAN CAMPUS COMMUNITIES, INC. (XNYS:ACC)",Residential & Commercial REIT
ZEBRA TECHNOLOGIES CORPORATION (XNAS:ZBRA),335.96,309.00,615.00,330.16,325.37,21.49,17642546326.00,52513830.00,1.62,10.59,0.03,307891.00,519457.00,1991.00,9800.00,ZEBRA TECHNOLOGIES CORPORATION (XNAS:ZBRA),Electronic Equipment & Parts
INTERNATIONAL PAPER COMPANY (XNYS:IP),48.33,40.45,61.80,47.92,47.48,13.82,17912514069.00,370629300.00,0.86,0.85,0.02,1230117.00,3037933.00,1941.00,38200.00,INTERNATIONAL PAPER COMPANY (XNYS:IP),Containers & Packaging
KEYCORP (XNYS:KEY),19.03,17.90,27.17,18.80,18.32,7.44,17740258872.00,932470900.00,1.32,0.71,0.04,4622492.00,10544781.00,1958.00,17110.00,KEYCORP (XNYS:KEY),Banking Services
W. R. BERKLEY CORPORATION (XNYS:WRB),67.99,46.53,71.53,67.38,66.48,16.58,18030499266.00,265193400.00,0.74,1.51,0.02,577638.00,1879107.00,1970.00,7681.00,W. R. BERKLEY CORPORATION (XNYS:WRB),Insurance
"PRINCIPAL FINANCIAL GROUP, INC. (XNAS:PFG)",70.45,58.66,80.36,70.39,69.24,11.89,17801601890.00,252684200.00,1.42,1.21,0.02,645638.00,1982537.00,2001.00,18600.00,"PRINCIPAL FINANCIAL GROUP, INC. (XNAS:PFG)",Insurance
Markel Corporation (XNYS:MKL),1353.35,1155.00,1519.25,1335.34,1333.08,10.42,18362130998.00,13567910.00,0.73,20.27,0.02,14172.00,52909.00,1999.00,20300.00,Markel Corporation (XNYS:MKL),Insurance
"FLEETCOR TECHNOLOGIES, INC. (XNYS:FLT)",237.26,200.78,282.02,234.77,231.08,21.79,18349882953.00,77340820.00,1.22,6.18,0.03,164074.00,597918.00,1998.00,9700.00,"FLEETCOR TECHNOLOGIES, INC. (XNYS:FLT)",Professional & Commercial Services
"BOSTON PROPERTIES, INC. (XNYS:BXP)",105.90,103.83,133.11,107.27,105.23,30.09,16595821980.00,156712200.00,1.11,0.67,0.01,468637.00,852086.00,1997.00,743.00,"BOSTON PROPERTIES, INC. (XNYS:BXP)",Residential & Commercial REIT
MARATHON OIL CORPORATION (XNYS:MRO),27.65,10.41,29.00,27.56,27.26,9.50,19564114930.00,707690900.00,2.48,0.39,0.01,8608983.00,20773277.00,2001.00,1531.00,MARATHON OIL CORPORATION (XNYS:MRO),Oil & Gas
"MOLINA HEALTHCARE, INC. (XNYS:MOH)",312.51,239.20,350.19,312.71,309.53,26.33,18344337000.00,58700000.00,0.79,2.98,0.01,105013.00,399899.00,2002.00,14000.00,"MOLINA HEALTHCARE, INC. (XNYS:MOH)",Healthcare Providers & Services
"CONAGRA BRANDS, INC. (XNYS:CAG)",32.58,30.06,39.09,32.16,31.72,14.74,15631934640.00,479875200.00,0.69,0.86,0.03,1639997.00,4320216.00,1975.00,18600.00,"CONAGRA BRANDS, INC. (XNYS:CAG)",Food & Tobacco
"PAYCOM SOFTWARE, INC. (XNYS:PAYC)",270.67,259.95,558.97,277.91,276.79,72.12,16308950180.00,60254000.00,1.51,-6.12,-0.02,117746.00,545791.00,2013.00,5385.00,"PAYCOM SOFTWARE, INC. (XNYS:PAYC)",Software & IT Services
"Avangrid, Inc. (XNYS:AGR)",47.83,42.20,55.57,48.10,47.62,22.25,18490302365.00,386624200.00,0.31,0.21,0.00,386098.00,941129.00,1997.00,7348.00,"Avangrid, Inc. (XNYS:AGR)",Electrical Utilities & IPPs
"Catalent, Inc. (XNYS:CTLT)",97.74,86.34,142.64,101.55,100.19,36.05,17955380000.00,179213200.00,1.35,-2.45,-0.02,317414.00,1497307.00,2007.00,17300.00,"Catalent, Inc. (XNYS:CTLT)",Pharmaceuticals
WESTLAKE CORPORATION (XNYS:WLK),125.07,78.06,141.19,127.43,126.21,6.46,16050133044.00,128329200.00,1.16,-1.14,-0.01,493778.00,851386.00,1991.00,14550.00,WESTLAKE CORPORATION (XNYS:WLK),Chemicals
INCYTE CORPORATION (XNAS:INCY),76.81,61.91,88.26,75.20,74.88,17.82,17012691525.00,221505000.00,0.68,1.93,0.03,383024.00,1339411.00,1991.00,2094.00,INCYTE CORPORATION (XNAS:INCY),Pharmaceuticals
JACOBS ENGINEERING GROUP INC. (XNYS:J),136.93,114.11,150.32,137.31,135.94,47.25,17612936189.00,128627300.00,0.80,0.99,0.01,183470.00,728077.00,1987.00,55000.00,JACOBS ENGINEERING GROUP INC. (XNYS:J),Construction & Engineering
BUNGE LIMITED (XNYS:BG),113.57,71.73,128.40,110.61,109.38,8.69,17232180526.00,151731800.00,0.50,4.19,0.04,504721.00,1831067.00,1995.00,22000.00,BUNGE LIMITED (XNYS:BG),Food & Tobacco
"NETAPP, INC. (XNAS:NTAP)",68.55,64.58,96.82,66.95,66.64,15.08,15253764392.00,222536500.00,1.24,1.91,0.03,979286.00,1968774.00,2001.00,11000.00,"NETAPP, INC. (XNAS:NTAP)","Computers, Phones & Household Electronics"
"SKYWORKS SOLUTIONS, INC. (XNAS:SWKS)",101.65,97.59,197.62,102.89,102.44,12.44,16575390000.00,160926100.00,1.14,-0.79,-0.01,535516.00,2504815.00,2002.00,11000.00,"SKYWORKS SOLUTIONS, INC. (XNAS:SWKS)",Semiconductors & Semiconductor Equipment
"TERADYNE, INC. (XNAS:TER)",102.23,97.63,168.91,102.47,102.37,19.14,16377552690.00,160203000.00,1.47,-0.14,0.00,455980.00,1829386.00,1960.00,5900.00,"TERADYNE, INC. (XNAS:TER)",Semiconductors & Semiconductor Equipment
HEICO CORPORATION (XNYS:HEI),133.15,122.94,159.29,133.20,132.28,56.98,15959920000.00,135875500.00,1.13,0.87,0.01,179893.00,306355.00,1993.00,5600.00,HEICO CORPORATION (XNYS:HEI),Aerospace & Defense
"BROWN & BROWN, INC. (XNYS:BRO)",55.69,51.47,74.00,55.52,55.00,25.49,15719777801.00,282272900.00,0.85,0.69,0.01,856794.00,2227164.00,1959.00,12023.00,"BROWN & BROWN, INC. (XNYS:BRO)",Insurance
"ROLLINS, INC. (XNYS:ROL)",35.18,28.51,40.02,35.47,35.28,52.53,17324767426.00,492460700.00,0.56,-0.10,0.00,401855.00,1624691.00,1948.00,16482.00,"ROLLINS, INC. (XNYS:ROL)",Professional & Commercial Services
"QUANTA SERVICES, INC. (XNYS:PWR)",116.81,84.40,140.04,114.51,113.00,34.28,16785929745.00,143709000.00,1.18,3.81,0.03,545428.00,1681319.00,1997.00,43700.00,"QUANTA SERVICES, INC. (XNYS:PWR)",Construction & Engineering
"BROADRIDGE FINANCIAL SOLUTIONS, INC. (XNYS:BR)",140.46,132.68,185.40,140.31,138.98,29.83,16292190000.00,117226800.00,0.95,1.48,0.01,105134.00,470722.00,2006.00,13704.00,"BROADRIDGE FINANCIAL SOLUTIONS, INC. (XNYS:BR)",Professional & Commercial Services
TRIMBLE INC. (XNAS:TRMB),67.02,59.89,96.49,66.27,65.23,33.91,16764550349.00,250142500.00,1.50,1.79,0.03,477693.00,1045699.00,2016.00,11931.00,TRIMBLE INC. (XNAS:TRMB),Software & IT Services
CELANESE CORPORATION (XNYS:CE),151.60,132.26,176.50,152.89,150.73,7.98,16419629240.00,108308900.00,1.14,0.87,0.01,230554.00,1043183.00,2004.00,8529.00,CELANESE CORPORATION (XNYS:CE),Chemicals
POOL CORPORATION (XNAS:POOL),403.00,377.52,582.27,404.76,405.58,22.48,16130042760.00,40024920.00,0.86,-2.58,-0.01,242170.00,455908.00,1993.00,5500.00,POOL CORPORATION (XNAS:POOL),Leisure Products
WESTINGHOUSE AIR BRAKE TECHNOLOGIES CORPORATION (XNYS:WAB),87.99,76.30,100.05,88.33,86.96,27.53,16071171123.00,182647700.00,1.48,1.03,0.01,197910.00,950819.00,1989.00,25000.00,WESTINGHOUSE AIR BRAKE TECHNOLOGIES CORPORATION (XNYS:WAB),"Machinery, Equipment & Components"
"DARDEN RESTAURANTS, INC. (XNYS:DRI)",116.40,113.37,164.28,117.01,116.25,14.61,14500370000.00,124734300.00,1.34,0.15,0.00,416268.00,1079182.00,1995.00,156883.00,"DARDEN RESTAURANTS, INC. (XNYS:DRI)",Hotels & Entertainment Services
"HEALTHPEAK PROPERTIES, INC. (XNYS:PEAK)",29.50,28.75,37.69,29.65,29.42,51.09,15914236664.00,539557100.00,0.76,0.08,0.00,1833370.00,3811213.00,1985.00,196.00,"HEALTHPEAK PROPERTIES, INC. (XNYS:PEAK)",Residential & Commercial REIT
QUEST DIAGNOSTICS INCORPORATED (XNYS:DGX),139.11,125.77,174.16,142.58,141.03,9.40,16326058324.00,117365000.00,0.99,-1.93,-0.01,401253.00,1088073.00,1996.00,40000.00,QUEST DIAGNOSTICS INCORPORATED (XNYS:DGX),Healthcare Providers & Services
ATMOS ENERGY CORPORATION (XNYS:ATO),113.51,85.80,122.96,113.06,111.70,20.90,15778897575.00,139015000.00,0.47,1.81,0.02,656520.00,1032322.00,1981.00,4684.00,ATMOS ENERGY CORPORATION (XNYS:ATO),Natural Gas Utilities
"AKAMAI TECHNOLOGIES, INC. (XNAS:AKAM)",98.53,93.74,123.25,98.25,97.51,26.22,15794069830.00,160305200.00,0.65,1.02,0.01,448031.00,2294451.00,1998.00,8700.00,"AKAMAI TECHNOLOGIES, INC. (XNAS:AKAM)",Software & IT Services
"THE COOPER COMPANIES, INC. (XNYS:COO)",337.56,309.43,463.59,344.07,341.21,18.11,16642231218.00,49301550.00,0.90,-3.65,-0.01,170493.00,325562.00,1980.00,12000.00,"THE COOPER COMPANIES, INC. (XNYS:COO)",Healthcare Equipment & Supplies
OMNICOM GROUP INC. (XNYS:OMC),75.63,65.76,91.61,75.48,74.85,12.73,15558535437.00,205732700.00,0.77,0.78,0.01,423071.00,1572915.00,1944.00,71700.00,OMNICOM GROUP INC. (XNYS:OMC),Media & Publishing
THE J. M. SMUCKER COMPANY (XNYS:SJM),123.15,118.55,146.74,126.20,125.31,23.60,13356651960.00,108458400.00,0.30,-2.16,-0.02,814075.00,881296.00,1921.00,7100.00,THE J. M. SMUCKER COMPANY (XNYS:SJM),Food & Tobacco
LOEWS CORPORATION (XNYS:L),64.22,51.35,68.20,63.94,62.79,9.75,15805055760.00,246108000.00,0.83,1.43,0.02,452343.00,1043423.00,1969.00,10340.00,LOEWS CORPORATION (XNYS:L),Insurance
MGM RESORTS INTERNATIONAL (XNYS:MGM),33.50,32.37,51.17,34.82,34.37,11.17,14643420000.00,426052200.00,2.20,-0.87,-0.03,4978053.00,6171684.00,1986.00,42000.00,MGM RESORTS INTERNATIONAL (XNYS:MGM),Hotels & Entertainment Services
"SS&C TECHNOLOGIES HOLDINGS, INC. (XNAS:SSNC)",62.16,58.31,84.85,62.55,62.06,20.80,15835906839.00,254780900.00,1.53,0.10,0.00,669973.00,1602874.00,2005.00,24900.00,"SS&C TECHNOLOGIES HOLDINGS, INC. (XNAS:SSNC)",Software & IT Services
"CARDINAL HEALTH, INC. (XNYS:CAH)",56.80,45.85,64.53,56.32,55.80,31.65,15473876320.00,272427400.00,0.82,1.00,0.02,586851.00,2864767.00,1979.00,47300.00,"CARDINAL HEALTH, INC. (XNYS:CAH)",Food & Drug Retailing
"Evergy, Inc. (XNYS:EVRG)",68.04,59.46,73.13,68.12,67.43,19.14,15612556140.00,229478300.00,0.46,0.61,0.01,629439.00,1094890.00,2017.00,4930.00,"Evergy, Inc. (XNYS:EVRG)",Electrical Utilities & IPPs
"TYLER TECHNOLOGIES, INC. (XNYS:TYL)",341.44,327.97,557.55,345.05,341.73,88.05,14172810000.00,41473690.00,0.86,-0.29,0.00,104766.00,307670.00,1989.00,6959.00,"TYLER TECHNOLOGIES, INC. (XNYS:TYL)",Software & IT Services
PACKAGING CORPORATION OF AMERICA (XNYS:PKG),152.65,124.78,168.50,151.40,149.06,15.20,14303483600.00,93701170.00,0.78,3.59,0.02,188658.00,639339.00,1999.00,15200.00,PACKAGING CORPORATION OF AMERICA (XNYS:PKG),Containers & Packaging
IRON MOUNTAIN INCORPORATED (XNYS:IRM),50.52,41.67,58.61,50.08,49.49,32.26,14679636930.00,290561600.00,0.86,1.03,0.02,547815.00,1729526.00,2014.00,26750.00,IRON MOUNTAIN INCORPORATED (XNYS:IRM),Residential & Commercial REIT
CAMPBELL SOUP COMPANY (XNYS:CPB),46.32,39.76,51.94,46.58,46.03,15.09,13974906120.00,301703500.00,0.39,0.29,0.01,1017077.00,2477779.00,1922.00,14100.00,CAMPBELL SOUP COMPANY (XNYS:CPB),Food & Tobacco
XYLEM INC. (XNYS:XYL),81.58,79.62,138.78,82.64,81.69,35.11,14691962466.00,180092700.00,1.05,-0.11,0.00,290869.00,1187440.00,2011.00,17300.00,XYLEM INC. (XNYS:XYL),"Machinery, Equipment & Components"
W.P. CAREY INC. (XNYS:WPC),81.50,73.02,86.48,81.57,81.28,29.51,15544136400.00,190725600.00,0.70,0.22,0.00,194346.00,1055104.00,2012.00,183.00,W.P. CAREY INC. (XNYS:WPC),Residential & Commercial REIT
"BIO-RAD LABORATORIES, INC. (XNYS:BIO)",521.35,468.86,832.70,529.84,522.20,2.37,15548400000.00,29941610.00,0.90,-0.85,0.00,71156.00,225283.00,1975.00,7900.00,"BIO-RAD LABORATORIES, INC. (XNYS:BIO)",Healthcare Equipment & Supplies
"CARMAX, INC. (XNYS:KMX)",90.41,85.36,155.98,93.45,92.46,13.29,14809490000.00,160171800.00,1.36,-2.05,-0.02,942556.00,2052075.00,1996.00,32647.00,"CARMAX, INC. (XNYS:KMX)",Specialty Retailers
BIOMARIN PHARMACEUTICAL INC. (XNAS:BMRN),80.56,71.59,94.20,80.09,79.72,455.49,14903221368.00,184995300.00,0.41,0.84,0.01,247547.00,1219755.00,1996.00,3045.00,BIOMARIN PHARMACEUTICAL INC. (XNAS:BMRN),Pharmaceuticals
ALLIANT ENERGY CORPORATION (XNAS:LNT),59.07,54.46,65.37,59.09,58.67,21.64,14815565259.00,250813700.00,0.43,0.40,0.01,666827.00,1678312.00,1981.00,3313.00,ALLIANT ENERGY CORPORATION (XNAS:LNT),Electrical Utilities & IPPs
"STEEL DYNAMICS, INC. (XNAS:STLD)",77.44,50.54,100.37,77.71,75.91,3.92,14612153600.00,188690000.00,1.33,1.53,0.02,661725.00,2450765.00,1994.00,10640.00,"STEEL DYNAMICS, INC. (XNAS:STLD)",Metals & Mining
"UNITED AIRLINES HOLDINGS, INC. (XNAS:UAL)",44.52,30.54,60.59,44.15,43.55,8.77,14229130000.00,326731000.00,1.25,0.97,0.02,6242590.00,15462765.00,1968.00,87400.00,"UNITED AIRLINES HOLDINGS, INC. (XNAS:UAL)",Passenger Transportation Services
"ENTEGRIS, INC. (XNAS:ENTG)",105.54,99.83,158.00,106.02,106.12,32.20,14341102374.00,135883100.00,1.16,-0.58,-0.01,232581.00,1272165.00,2005.00,6850.00,"ENTEGRIS, INC. (XNAS:ENTG)",Semiconductors & Semiconductor Equipment
GENERAC HOLDINGS INC. (XNYS:GNRC),230.01,197.94,524.31,221.31,220.84,28.25,14681526799.00,63829950.00,1.13,9.17,0.04,434027.00,1134134.00,2006.00,8955.00,GENERAC HOLDINGS INC. (XNYS:GNRC),"Machinery, Equipment & Components"
AMERICAN HOMES 4 RENT (XNYS:AMH),36.89,34.79,44.07,36.77,36.57,77.38,12737070000.00,348293000.00,0.60,0.32,0.01,1465602.00,3344618.00,2012.00,1538.00,AMERICAN HOMES 4 RENT (XNYS:AMH),Residential & Commercial REIT
NortonLifeLock Inc. (XNAS:NLOK),24.65,23.47,30.92,24.50,24.31,17.19,14309206680.00,580495200.00,0.60,0.34,0.01,2042245.00,5387639.00,1988.00,2808.00,NortonLifeLock Inc. (XNAS:NLOK),Software & IT Services
HOWMET AEROSPACE INC. (XNYS:HWM),34.02,27.41,37.66,33.64,33.16,46.09,14217437682.00,417914100.00,1.57,0.86,0.03,683930.00,2721945.00,2017.00,19900.00,HOWMET AEROSPACE INC. (XNYS:HWM),Aerospace & Defense
FMC CORPORATION (XNYS:FMC),123.37,87.27,140.99,121.27,119.43,18.34,15537131441.00,125939300.00,0.85,3.94,0.03,325753.00,1067742.00,1928.00,6400.00,FMC,#FIELD!
UBIQUITI INC. (XNYS:UI),253.18,218.15,344.77,250.17,249.88,35.43,15296722916.00,60418370.00,1.41,3.30,0.01,23467.00,91775.00,2010.00,1223.00,UBIQUITI INC. (XNYS:UI),Communications & Networking
LKQ CORPORATION (XNAS:LKQ),49.29,42.36,60.43,48.78,48.36,12.99,13940833641.00,282832900.00,1.43,0.93,0.02,795781.00,1929290.00,1998.00,46000.00,LKQ CORPORATION (XNAS:LKQ),Automobiles & Auto Parts
"NVR, Inc. (XNYS:NVR)",4196.20,4087.17,5982.45,4272.19,4262.41,11.38,14021910000.00,3289670.00,0.96,-66.21,-0.02,7004.00,21851.00,1993.00,6600.00,"NVR, Inc. (XNYS:NVR)",Homebuilding & Construction Supplies
KIMCO REALTY CORPORATION (XNYS:KIM),22.12,19.54,26.57,22.28,22.01,13.30,13670310416.00,618006800.00,1.38,0.11,0.01,2117562.00,5258015.00,1994.00,606.00,KIMCO REALTY CORPORATION (XNYS:KIM),Residential & Commercial REIT
IDEX CORPORATION (XNYS:IEX),185.61,179.30,240.33,187.53,185.49,29.73,14107401272.00,76005610.00,1.03,0.12,0.00,146020.00,476869.00,1987.00,7536.00,IDEX CORPORATION (XNYS:IEX),"Machinery, Equipment & Components"
"C.H. ROBINSON WORLDWIDE, INC. (XNAS:CHRW)",103.92,84.67,112.15,102.41,101.92,14.38,13225503504.00,127266200.00,0.74,2.00,0.02,319411.00,1273765.00,1997.00,17258.00,"C.H. ROBINSON WORLDWIDE, INC. (XNAS:CHRW)",Freight & Logistics Services
AVERY DENNISON CORPORATION (XNYS:AVY),166.66,156.51,229.24,166.09,164.50,18.84,13618503571.00,81714290.00,0.96,2.16,0.01,223622.00,620478.00,1977.00,36000.00,AVERY DENNISON CORPORATION (XNYS:AVY),Containers & Packaging
THE CARLYLE GROUP INC. (XNAS:CG),36.60,34.62,60.62,37.03,36.74,4.98,13236997560.00,361666600.00,1.51,-0.14,0.00,790048.00,3125329.00,2011.00,1850.00,THE CARLYLE GROUP INC. (XNAS:CG),Investment Banking & Investment Services
"HOST HOTELS & RESORTS, INC. (XNAS:HST)",18.77,14.67,21.63,18.72,18.61,52.11,13414007402.00,714777100.00,1.17,0.16,0.01,3639897.00,9610610.00,1998.00,160.00,"HOST HOTELS & RESORTS, INC. (XNAS:HST)",Residential & Commercial REIT
FACTSET RESEARCH SYSTEMS INC. (XNYS:FDS),370.50,319.65,495.40,366.87,364.57,33.56,14040493407.00,37896580.00,0.85,5.93,0.02,109662.00,281901.00,1984.00,10784.00,FACTSET RESEARCH SYSTEMS INC. (XNYS:FDS),Professional & Commercial Services
"LEIDOS HOLDINGS, INC. (XNYS:LDOS)",101.44,81.07,111.12,100.84,100.60,19.79,13863003424.00,136662100.00,0.74,0.84,0.01,222697.00,830534.00,2005.00,43000.00,"LEIDOS HOLDINGS, INC. (XNYS:LDOS)",Software & IT Services
TEXTRON INC. (XNYS:TXT),64.24,60.36,79.45,63.37,62.49,18.22,13816951191.00,215083300.00,1.64,1.75,0.03,515183.00,1370986.00,1967.00,33000.00,TEXTRON INC. (XNYS:TXT),Aerospace & Defense
BIO-TECHNE CORPORATION (XNAS:TECH),361.62,335.02,543.85,370.96,366.35,66.83,14187621886.00,39233510.00,1.22,-4.73,-0.01,169602.00,262121.00,1981.00,2600.00,BIO-TECHNE CORPORATION (XNAS:TECH),Biotechnology & Medical Research
LPL FINANCIAL HOLDINGS INC. (XNAS:LPLA),184.83,127.03,220.80,178.32,176.84,31.14,14779877349.00,79964710.00,0.96,7.99,0.05,439510.00,996488.00,2005.00,6059.00,LPL FINANCIAL HOLDINGS INC. (XNAS:LPLA),Investment Banking & Investment Services
WESTROCK COMPANY (XNYS:WRK),45.70,40.78,59.77,44.88,44.16,14.89,11254260000.00,254852000.00,1.02,1.54,0.03,924628.00,2600771.00,2018.00,49900.00,WESTROCK COMPANY (XNYS:WRK),Containers & Packaging
"EQUITY LIFESTYLE PROPERTIES, INC. (XNYS:ELS)",71.96,67.57,88.70,72.68,71.89,48.84,13385387539.00,186011500.00,0.61,0.07,0.00,216206.00,1039164.00,1992.00,4100.00,"EQUITY LIFESTYLE PROPERTIES, INC. (XNYS:ELS)",Residential & Commercial REIT
INSULET CORPORATION (XNAS:PODD),201.50,181.00,324.81,197.70,198.72,327.78,13971590761.00,69339640.00,0.79,2.78,0.01,232549.00,564082.00,2000.00,2300.00,INSULET CORPORATION (XNAS:PODD),Healthcare Equipment & Supplies
EASTMAN CHEMICAL COMPANY (XNYS:EMN),102.52,98.24,130.47,103.52,101.96,16.79,13213023648.00,128882400.00,1.41,0.56,0.01,255846.00,1034241.00,1993.00,14000.00,EASTMAN CHEMICAL COMPANY (XNYS:EMN),Chemicals
"JACK HENRY & ASSOCIATES, INC. (XNAS:JKHY)",181.96,147.50,205.37,179.78,179.12,36.77,13257934947.00,72861810.00,0.60,2.84,0.02,182844.00,491597.00,1985.00,6714.00,"JACK HENRY & ASSOCIATES, INC. (XNAS:JKHY)",Software & IT Services
ALLY FINANCIAL INC. (XNYS:ALLY),40.58,37.05,56.61,39.56,38.67,4.71,13109210738.00,323046100.00,1.30,1.91,0.05,2094376.00,4256746.00,1997.00,10500.00,ALLY FINANCIAL INC. (XNYS:ALLY),Banking Services
